LTKBID,Compound Name,Severity Class,vDILIConcern,SMILES
LT00045,amineptine,8,vMost-DILI-Concern,C1CC2=CC=CC=C2C(C3=CC=CC=C31)[NH2+]CCCCCCC(=O)O.[Cl-]
LT01201,chlormezanone,8,vMost-DILI-Concern,CN1C(S(=O)(=O)CCC1=O)C2=CC=C(C=C2)Cl
LT01318,droxicam,8,vMost-DILI-Concern,CN1C2=C(C3=CC=CC=C3S1(=O)=O)OC(=O)N(C2=O)C4=CC=CC=N4
LT01849,ebrotidine,8,vMost-DILI-Concern,C1=CC(=CC=C1S(=O)(=O)NC=NCCSCC2=CSC(=N2)N=C(N)N)Br
LT00314,nimesulide,8,vMost-DILI-Concern,CS(=O)(=O)NC1=C(C=C(C=C1)[N+](=O)[O-])OC2=CC=CC=C2
LT01858,tetrabamate,8,vMost-DILI-Concern,CCCCOCC(CN1C(=O)C(C(=O)NC1=O)(CC)C2=CC=CC=C2)OC(=O)N.CCCCOCC(CN1C(=O)C(C(=O)N(C1=O)CC(COCCCC)OC(=O)N)(CC)C2=CC=CC=C2)OC(=O)N.CCC1(C(=O)NC(=O)NC1=O)C2=CC=CC=C2
LT00168,troglitazone,8,vMost-DILI-Concern,CC1=C(C(=C2CCC(OC2=C1C)(C)COC3=CC=C(C=C3)CC4C(=O)NC(=O)S4)C)O
LT00645,trovafloxacin,8,vMost-DILI-Concern,C1[C@@H]2[C@@H](C2N)CN1C3=C(C=C4C(=O)C(=CN(C4=N3)C5=C(C=C(C=C5)F)F)C(=O)O)F
LT02213,alaproclate,8,vMost-DILI-Concern,CC(C(=O)OC(C)(C)CC1=CC=C(C=C1)Cl)N
LT00461,alatrofloxacin mesylate,8,vMost-DILI-Concern,C[C@@H](C(=O)N[C@@H](C)C(=O)NC1[C@H]2[C@@H]1CN(C2)C3=C(C=C4C(=O)C(=CN(C4=N3)C5=C(C=C(C=C5)F)F)C(=O)O)F)N
LT00692,alclofenac,8,vMost-DILI-Concern,C=CCOC1=C(C=C(C=C1)CC(=O)O)Cl
LT01060,alpidem,8,vMost-DILI-Concern,CCCN(CCC)C(=O)CC1=C(N=C2N1C=C(C=C2)Cl)C3=CC=C(C=C3)Cl
LT01117,bendazac,8,vMost-DILI-Concern,C1=CC=C(C=C1)CN2C3=CC=CC=C3C(=N2)OCC(=O)O
LT00513,benoxaprofen,8,vMost-DILI-Concern,CC(C1=CC2=C(C=C1)OC(=N2)C3=CC=C(C=C3)Cl)C(=O)O
LT01120,benzarone,8,vMost-DILI-Concern,CCC1=C(C2=CC=CC=C2O1)C(=O)C3=CC=C(C=C3)O
LT00278,benzbromarone,8,vMost-DILI-Concern,CCC1=C(C2=CC=CC=C2O1)C(=O)C3=CC(=C(C(=C3)Br)O)Br
LT01121,benziodarone,8,vMost-DILI-Concern,CCC1=C(C2=CC=CC=C2O1)C(=O)C3=CC(=C(C(=C3)I)O)I
LT00519,bromfenac,8,vMost-DILI-Concern,C1=CC(=C(C(=C1)CC(=O)O)N)C(=O)C2=CC=C(C=C2)Br
LT01219,cinchophen,8,vMost-DILI-Concern,C1=CC=C(C=C1)C2=NC3=CC=CC=C3C(=C2)C(=O)O
LT00694,clomacran,8,vMost-DILI-Concern,CN(C)CCCC1C2=CC=CC=C2NC3=C1C=C(C=C3)Cl
LT01228,clometacin,8,vMost-DILI-Concern,CC1=C(C2=C(N1CC(=O)O)C=C(C=C2)OC)C(=O)C3=CC=C(C=C3)Cl
LT01250,cyclofenil,8,vMost-DILI-Concern,CC(=O)OC1=CC=C(C=C1)C(=C2CCCCC2)C3=CC=C(C=C3)OC(=O)C
LT01359,exifone,8,vMost-DILI-Concern,C1=CC(=C(C(=C1C(=O)C2=CC(=C(C(=C2)O)O)O)O)O)O
LT01846,fenclozic acid,8,vMost-DILI-Concern,C1=CC(=CC=C1C2=NC(=CS2)CC(=O)O)Cl
LT01372,fipexide,8,vMost-DILI-Concern,C1CN(CCN1CC2=CC3=C(C=C2)OCO3)C(=O)COC4=CC=C(C=C4)Cl
LT02092,glafenine,8,vMost-DILI-Concern,C1=CC=C(C(=C1)C(=O)OCC(CO)O)NC2=C3C=CC(=CC3=NC=C2)Cl
LT00560,ibufenac,8,vMost-DILI-Concern,CC(C)CC1=CC=C(C=C1)CC(=O)O
LT00109,iproniazid,8,vMost-DILI-Concern,CC(C)NNC(=O)C1=CC=NC=C1
LT00696,isaxonine,8,vMost-DILI-Concern,CC(C)NC1=NC=CC=N1
LT00686,lumiracoxib,8,vMost-DILI-Concern,CC1=CC(=C(C=C1)NC2=C(C=CC=C2Cl)F)CC(=O)O
LT01508,mebanazine,8,vMost-DILI-Concern,CC(C1=CC=CC=C1)NN
LT02110,mepazine,8,vMost-DILI-Concern,CN1CCCC(C1)CN2C3=CC=CC=C3SC4=CC=CC=C42
LT01574,moxisylyte,8,vMost-DILI-Concern,CC1=CC(=C(C=C1OC(=O)C)C(C)C)OCCN(C)C
LT01594,nialamide,8,vMost-DILI-Concern,C1=CC=C(C=C1)CNC(=O)CCNNC(=O)C2=CC=NC=C2
LT01602,niperotidine,8,vMost-DILI-Concern,CN(C)CC1=CC=C(O1)CSCCN/C(=C\[N+](=O)[O-])/NCC2=CC3=C(C=C2)OCO3
LT01854,nitrefazole,8,vMost-DILI-Concern,CC1=NC(=CN1C2=CC=C(C=C2)[N+](=O)[O-])[N+](=O)[O-]
LT01611,nomifensine,8,vMost-DILI-Concern,CN1CC(C2=C(C1)C(=CC=C2)N)C3=CC=CC=C3
LT00690,oxyphenisatin,8,vMost-DILI-Concern,CC(=O)OC1=CC=C(C=C1)C2(C3=CC=CC=C3NC2=O)C4=CC=C(C=C4)OC(=O)C
LT00246,pemoline,8,vMost-DILI-Concern,C1=CC=C(C=C1)C2C(=O)N=C(O2)N
LT00131,perhexiline,8,vMost-DILI-Concern,C1CCC(CC1)C(CC2CCCCN2)C3CCCCC3
LT00703,phenoxypropazine,8,vMost-DILI-Concern,CC(COC1=CC=CC=C1)NN
LT00697,pipamazine,8,vMost-DILI-Concern,C1CN(CCC1C(=O)N)CCCN2C3=CC=CC=C3SC4=C2C=C(C=C4)Cl
LT01680,pirprofen,8,vMost-DILI-Concern,CC(C1=CC(=C(C=C1)N2CC=CC2)Cl)C(=O)O
LT02449,sitaxsentan,8,vMost-DILI-Concern,CC1=CC2=C(C=C1CC(=O)C3=C(C=CS3)S(=O)(=O)NC4=C(C(=NO4)C)Cl)OCO2
LT01816,sulcotidil,8,vMost-DILI-Concern,CCCCCCCCNC(C)C(C1=CC=C(C=C1)SC(C)C)O
LT00699,sulfacarbamide,8,vMost-DILI-Concern,C1=CC(=CC=C1N)S(=O)(=O)NC(=O)N
LT00632,sulfathiazole,8,vMost-DILI-Concern,C1=CC(=CC=C1N)S(=O)(=O)NC2=NC=CS2
LT00636,ticrynafen,8,vMost-DILI-Concern,C1=CSC(=C1)C(=O)C2=C(C(=C(C=C2)OCC(=O)O)Cl)Cl
LT00691,tilbroquinol,8,vMost-DILI-Concern,CC1=CC(=C(C2=C1C=CC=N2)O)Br
LT01822,tolrestat,8,vMost-DILI-Concern,CN(CC(=O)O)C(=S)C1=CC=CC2=C1C=CC(=C2C(F)(F)F)OC
LT00700,triacetyldiphenolisatin,8,vMost-DILI-Concern,CC(=O)N1C2=CC=CC=C2C(C1=O)(C3=CC=C(C=C3)OC(=O)C)C4=CC=C(C=C4)OC(=O)C
LT01867,xenazoic acid,8,vMost-DILI-Concern,CCOC(C(=O)C1=CC=C(C=C1)C2=CC=CC=C2)NC3=CC=C(C=C3)C(=O)O
LT02033,ximelagatran,8,vMost-DILI-Concern,CCOC(=O)CN[C@H](C1CCCCC1)C(=O)N2CC[C@H]2C(=O)NCC3=CC=C(C=C3)/C(=N/O)/N
LT01874,zimelidine,8,vMost-DILI-Concern,CN(C)CC=C(C1=CC=C(C=C1)Br)C2=CN=CC=C2
LT00693,aplaviroc ,8,vMost-DILI-Concern,CCCCN1C(=O)[C@H](NC(=O)C12CCN(CC2)CC3=CC=C(C=C3)OC4=CC=C(C=C4)C(=O)O)[C@@H](C5CCCCC5)O
LT00695,dermatan,8,vMost-DILI-Concern,CC(=O)N[C@@H]1[C@H]([C@H]([C@H](O[C@H]1O)CO)OS(=O)(=O)[O-])O[C@H]2[C@@H]([C@H]([C@@H]([C@@H](O2)C(=O)[O-])O)O)O
LT01870,falnidamol ,8,vMost-DILI-Concern,CN1CCC(CC1)NC2=NC=C3C(=N2)C(=NC=N3)NC4=CC(=C(C=C4)F)Cl
LT01371,fialuridine,8,vMost-DILI-Concern,C1=C(C(=O)NC(=O)N1[C@H]2[C@H]([C@@H]([C@H](O2)CO)O)F)I
LT00701,fiduxosin ,8,vMost-DILI-Concern,COC1=CC=CC2=C1[C@@H]3CN(C[C@@H]3CO2)CCCCN4C(=O)C5=C(C6=NC(=CN=C6S5)C7=CC=CC=C7)NC4=O
LT00702,pafuramidine ,8,vMost-DILI-Concern,CO/N=C(\N)/C1=CC=C(C=C1)C2=CC=C(O2)C3=CC=C(C=C3)/C(=N/OC)/N
LT00698,pralnacasan ,8,vMost-DILI-Concern,CCO[C@H]1[C@H](CC(=O)O1)NC(=O)[C@@H]2CCCN3N2C(=O)[C@H](CCC3=O)NC(=O)C4=NC=CC5=CC=CC=C54
LT00687,tasosartan,8,vMost-DILI-Concern,CC1=C2CCC(=O)N(C2=NC(=N1)C)CC3=CC=C(C=C3)C4=CC=CC=C4C5=NNN=N5
LT01042,acitretin,5,vMost-DILI-Concern,CC1=CC(=C(C(=C1/C=C/C(=C/C=C/C(=C\C(=O)O)/C)/C)C)C)OC
LT00046,amiodarone,8,vMost-DILI-Concern,CCCCC1=C(C2=CC=CC=C2O1)C(=O)C3=CC(=C(C(=C3)I)OCCN(CC)CC)I
LT01140,bosentan,7,vMost-DILI-Concern,CC(C)(C)C1=CC=C(C=C1)S(=O)(=O)NC2=C(C(=NC(=N2)C3=NC=CC=N3)OCCO)OC4=CC=CC=C4OC
LT00209,cytarabine,3,vMost-DILI-Concern,C1=CN(C(=O)N=C1N)[C@H]2[C@H]([C@@H]([C@H](O2)CO)O)O
LT00288,dacarbazine,6,vMost-DILI-Concern,CN(C)N/N=C\1/C(=NC=N1)C(=O)N
LT00539,danazol,8,vMost-DILI-Concern,C[C@]12CC[C@H]3[C@H]([C@@H]1CC[C@]2(C#C)O)CCC4=CC5=C(C[C@]34C)C=NO5
LT00080,dantrolene,8,vMost-DILI-Concern,C1C(=O)NC(=O)N1N=CC2=CC=C(O2)C3=CC=C(C=C3)[N+](=O)[O-]
LT00563,deferasirox,7,vMost-DILI-Concern,C1=C/C(=C/2\N/C(=C\3/C=CC=CC3=O)/N(N2)C4=CC=C(C=C4)C(=O)O)/C(=O)C=C1
LT00097,felbamate,7,vMost-DILI-Concern,C1=CC=C(C=C1)C(COC(=O)N)COC(=O)N
LT00101,flutamide,8,vMost-DILI-Concern,CC(C)C(=O)NC1=CC(=C(C=C1)[N+](=O)[O-])C(F)(F)F
LT00306,isoniazid,8,vMost-DILI-Concern,C1=CN=CC=C1C(=O)NN
LT00111,ketoconazole,8,vMost-DILI-Concern,CC(=O)N1CCN(CC1)C2=CC=C(C=C2)OC[C@@H]3CO[C@@](O3)(CN4C=CN=C4)C5=C(C=C(C=C5)Cl)Cl
LT02204,lapatinib,8,vMost-DILI-Concern,CS(=O)(=O)CCNCC1=CC=C(O1)C2=CC3=C(C=C2)N=CN=C3NC4=CC(=C(C=C4)OCC5=CC(=CC=C5)F)Cl
LT00113,leflunomide,8,vMost-DILI-Concern,CC1=C(C=NO1)C(=O)NC2=CC=C(C=C2)C(F)(F)F
LT00026,methotrexate,3,vMost-DILI-Concern,CN(CC1=CN=C2C(=N1)C(=NC(=N2)N)N)C3=CC=C(C=C3)C(=O)N[C@@H](CCC(=O)O)C(=O)O
LT01553,mexiletine,3,vMost-DILI-Concern,CC1=C(C(=CC=C1)C)OCC(C)N
LT00124,nefazodone,8,vMost-DILI-Concern,CCC1=NN(C(=O)N1CCOC2=CC=CC=C2)CCCN3CCN(CC3)C4=CC(=CC=C4)Cl
LT00260,nevirapine,8,vMost-DILI-Concern,CC1=C2C(=NC=C1)N(C3=C(C=CC=N3)C(=O)N2)C4CC4
LT00845,oxandrolone,8,vMost-DILI-Concern,C[C@]12CC[C@H]3[C@H]([C@@H]1CC[C@]2(C)O)CC[C@@H]4[C@@]3(COC(=O)C4)C
LT00235,oxymetholone,7,vMost-DILI-Concern,C[C@]12CC[C@H]3[C@H]([C@@H]1CC[C@]2(C)O)CC[C@@H]4[C@@]3(CC(=CO)C(=O)C4)C
LT00672,pazopanib,8,vMost-DILI-Concern,CC1=C(C=C(C=C1)NC2=NC=CC(=N2)N(C)C3=CC4=NN(C(=C4C=C3)C)C)S(=O)(=O)N
LT01651,pentostatin,3,vMost-DILI-Concern,C1[C@H](C2=C(NC=N1)N(C=N2)C3CC(C(O3)CO)O)O
LT00136,propylthiouracil,8,vMost-DILI-Concern,CCCC1=CC(=O)NC(=S)N1
LT00144,stavudine,8,vMost-DILI-Concern,CC1=CN(C(=O)NC1=O)[C@H]2C=C[C@H](O2)CO
LT00565,sunitinib,8,vMost-DILI-Concern,CCN(CC)CCNC(=O)C1=C(NC(=C1C)/C=C\2/C3=C(C=CC(=C3)F)NC2=O)C
LT00156,tolcapone,8,vMost-DILI-Concern,CC1=CC=C(C=C1)C(=O)C2=CC(=C(C(=C2)O)O)[N+](=O)[O-]
LT00160,valproic acid,8,vMost-DILI-Concern,CCCC(CCC)C(=O)O
LT00163,zidovudine,8,vMost-DILI-Concern,CC1=CN(C(=O)NC1=O)[C@H]2C[C@@H]([C@H](O2)CO)N=[N+]=[N-]
LT00684,divalproex sodium,8,vMost-DILI-Concern,CCCC(CCC)C(=O)O.CCCC(CCC)C(=O)[O-].[Na+]
LT00663,eltrombopag olamine,4,vMost-DILI-Concern,CC1=C(C=C(C=C1)N2C(=O)C(=C(N2)C)N/N=C/3\C=CC=C(C3=O)C4=CC(=CC=C4)C(=O)O)C.C(CO)N.C(CO)N
LT00640,maraviroc,3,vMost-DILI-Concern,CC1=NN=C(N1C2C[C@H]3CC[C@@H](C2)N3CC[C@@H](C4=CC=CC=C4)NC(=O)C5CCC(CC5)(F)F)C(C)C
LT01220,tipranavir,8,vMost-DILI-Concern,CCC[C@]1(CC(=O)C(=C(O1)O)[C@H](CC)C2=CC(=CC=C2)NS(=O)(=O)C3=NC=C(C=C3)C(F)(F)F)CCC4=CC=CC=C4
LT00505,4-aminosalicylic acid,5,vMost-DILI-Concern,C1=CC(=C(C=C1N)O)C(=O)O
LT00040,abacavir,8,vMost-DILI-Concern,C1CC1NC2=NC(=NC3=C2N=CN3C4C[C@H](C=C4)CO)N
LT01034,acarbose,8,vMost-DILI-Concern,C[C@@H]1[C@H]([C@@H]([C@H]([C@H](O1)O[C@@H]2[C@H](O[C@@H]([C@@H]([C@H]2O)O)O[C@@H]3[C@H](O[C@H]([C@@H]([C@H]3O)O)O)CO)CO)O)O)N[C@H]4C=C([C@@H]([C@@H]([C@H]4O)O)O)CO
LT00004,acetaminophen,5,vMost-DILI-Concern,CC(=O)NC1=CC=C(C=C1)O
LT00498,acetazolamide,8,vMost-DILI-Concern,CC(=O)NC1=NN=C(S1)S(=O)(=O)N
LT00499,albendazole,7,vMost-DILI-Concern,CCCSC1=CC2=C(C=C1)N=C(N2)NC(=O)OC
LT00043,allopurinol,8,vMost-DILI-Concern,C1=C2C(=NC=NC2=O)NN1
LT01139,atomoxetine,8,vMost-DILI-Concern,CC1=CC=CC=C1O[C@H](CCNC)C2=CC=CC=C2
LT00258,atorvastatin,5,vMost-DILI-Concern,CC(C)C1=C(C(=C(N1CC[C@H](C[C@H](CC(=O)O)O)O)C2=CC=C(C=C2)F)C3=CC=CC=C3)C(=O)NC4=CC=CC=C4
LT00006,azathioprine,5,vMost-DILI-Concern,CN1C=NC(=C1SC2=NC=NC3=C2NC=N3)[N+](=O)[O-]
LT01064,bexarotene,8,vMost-DILI-Concern,CC1=CC2=C(C=C1C(=C)C3=CC=C(C=C3)C(=O)O)C(CCC2(C)C)(C)C
LT00056,bicalutamide,8,vMost-DILI-Concern,C[C@](CS(=O)(=O)C1=CC=C(C=C1)F)(C(=O)NC2=CC(=C(C=C2)C#N)C(F)(F)F)O
LT01202,bortezomib,7,vMost-DILI-Concern,B([C@@H](CC(C)C)NC(=O)[C@@H](CC1=CC=CC=C1)NC(=O)C2=NC=CN=C2)(O)O
LT00280,busulfan,8,vMost-DILI-Concern,CS(=O)(=O)OCCCCOS(=O)(=O)C
LT00060,carbamazepine,7,vMost-DILI-Concern,C1=CC=C2C(=C1)C=CC3=CC=CC=C3N2C(=O)N
LT00067,chlorzoxazone,8,vMost-DILI-Concern,C1=CC2=C(C=C1Cl)NC(=O)O2
LT00178,ciprofloxacin,7,vMost-DILI-Concern,C1CC1N2C=C(C(=O)C3=CC(=C(C=C32)N4CCNCC4)F)C(=O)O
LT00187,clarithromycin,8,vMost-DILI-Concern,CC[C@@H]1[C@@]([C@@H]([C@H](C(=O)[C@@H](C[C@@]([C@@H]([C@H]([C@@H]([C@H](C(=O)O1)C)O[C@H]2C[C@@]([C@H]([C@@H](O2)C)O)(C)OC)C)O[C@H]3[C@@H]([C@H](C[C@H](O3)C)N(C)C)O)(C)OC)C)C)O)(C)O
LT00185,clomipramine,8,vMost-DILI-Concern,CN(C)CCCN1C2=CC=CC=C2CCC3=C1C=C(C=C3)Cl
LT00287,clozapine,5,vMost-DILI-Concern,CN1CCN(CC1)C2=C3C=CC=CC3=NC4=C(N2)C=C(C=C4)Cl
LT00380,cyclosporine,7,vMost-DILI-Concern,CCC1C(=O)N(CC(=O)N(C(C(=O)NC(C(=O)N(C(C(=O)NC(C(=O)NC(C(=O)N(C(C(=O)N(C(C(=O)N(C(C(=O)N(C(C(=O)N1)[C@@H]([C@H](C)C/C=C/C)O)C)C(C)C)C)CC(C)C)C)CC(C)C)C)C)C)CC(C)C)C)C(C)C)CC(C)C)C)C
LT00079,dactinomycin,8,vMost-DILI-Concern,CC1C(C(=O)NC(C(=O)N2CCCC2C(=O)N(CC(=O)N(C(C(=O)O1)C(C)C)C)C)C(C)C)NC(=O)C3=C4C(=C(C=C3)C)OC5=C(C(=O)C(=C(C5=N4)C(=O)NC6C(OC(=O)C(N(C(=O)CN(C(=O)C7CCCN7C(=O)C(NC6=O)C(C)C)C)C)C(C)C)C)N)C
LT01243,darunavir,8,vMost-DILI-Concern,CC(C)CN(C[C@H]([C@H](CC1=CC=CC=C1)NC(=O)O[C@H]2CO[C@@H]3[C@H]2CCO3)O)S(=O)(=O)C4=CC=C(C=C4)N
LT00084,diclofenac,8,vMost-DILI-Concern,C1=CC=C(C(=C1)CC(=O)O)NC2=C(C=CC=C2Cl)Cl
LT01285,didanosine,8,vMost-DILI-Concern,C1C[C@@H](O[C@@H]1CO)N2C=NC3=C2NC=NC3=O
LT00085,diflunisal,8,vMost-DILI-Concern,C1=CC(=C(C=C1C2=C(C=C(C=C2)F)F)C(=O)O)O
LT01292,diltiazem,4,vMost-DILI-Concern,CC(=O)O[C@@H]1[C@@H](SC2=CC=CC=C2N(C1=O)CCN(C)C)C3=CC=C(C=C3)OC
LT00295,disulfiram,8,vMost-DILI-Concern,CCN(CC)C(=S)SSC(=S)N(CC)CC
LT00671,dronedarone,7,vMost-DILI-Concern,CCCCC1=C(C2=C(O1)C=CC(=C2)NS(=O)(=O)C)C(=O)C3=CC=C(C=C3)OCCCN(CCCC)CCCC
LT02035,duloxetine,8,vMost-DILI-Concern,CNCC[C@@H](C1=CC=CS1)OC2=CC=CC3=CC=CC=C32
LT01323,efavirenz,7,vMost-DILI-Concern,C1CC1C#C[C@]2(C3=C(C=CC(=C3)Cl)NC(=O)O2)C(F)(F)F
LT01214,erlotinib,8,vMost-DILI-Concern,COCCOC1=C(C=C2C(=C1)C(=NC=N2)NC3=CC=CC(=C3)C#C)OCCOC
LT00092,erythromycin,5,vMost-DILI-Concern,CC[C@@H]1[C@@]([C@@H]([C@H](C(=O)[C@@H](C[C@@]([C@@H]([C@H]([C@@H]([C@H](C(=O)O1)C)O[C@H]2C[C@@]([C@H]([C@@H](O2)C)O)(C)OC)C)O[C@H]3[C@@H]([C@H](C[C@H](O3)C)N(C)C)O)(C)O)C)C)O)(C)O
LT01342,estramustine,4,vMost-DILI-Concern,CC12CCC3C(C1CCC2O)CCC4=C3C=CC(=C4)OC(=O)N(CCCl)CCCl
LT01345,ethambutol,8,vMost-DILI-Concern,CCC(CO)NCCNC(CC)CO
LT00240,etodolac,8,vMost-DILI-Concern,CCC1=CC=CC2=C1NC3=C2CCOC3(CC)CC(=O)O
LT00653,etravirine,8,vMost-DILI-Concern,CC1=CC(=CC(=C1OC2=NC(=NC(=C2Br)N)NC3=CC=C(C=C3)C#N)C)C#N
LT00394,exemestane,4,vMost-DILI-Concern,C[C@]12CC[C@H]3[C@H]([C@@H]1CCC2=O)CC(=C)C4=CC(=O)C=C[C@]34C
LT00554,febuxostat,8,vMost-DILI-Concern,CC1=C(SC(=N1)C2=CC(=C(C=C2)OCC(C)C)C#N)C(=O)O
LT00099,fenoprofen,8,vMost-DILI-Concern,CC(C1=CC(=CC=C1)OC2=CC=CC=C2)C(=O)O
LT00179,fluconazole,8,vMost-DILI-Concern,C1=CC(=C(C=C1F)F)C(CN2C=NC=N2)(CN3C=NC=N3)O
LT01400,fosphenytoin,8,vMost-DILI-Concern,C1=CC=C(C=C1)C2(C(=O)N(C(=O)N2)COP(=O)(O)O)C3=CC=CC=C3
LT00402,gefitinib,4,vMost-DILI-Concern,COC1=C(C=C2C(=C1)N=CN=C2NC3=CC(=C(C=C3)F)Cl)OCCCN4CCOCC4
LT01407,gemcitabine,8,vMost-DILI-Concern,C1=CN(C(=O)N=C1N)[C@H]2C([C@@H]([C@H](O2)CO)O)(F)F
LT00020,gemfibrozil,4,vMost-DILI-Concern,CC1=CC(=C(C=C1)C)OCCCC(C)(C)C(=O)O
LT00558,griseofulvin,8,vMost-DILI-Concern,C[C@@H]1CC(=O)C=C([C@]12C(=O)C3=C(O2)C(=C(C=C3OC)OC)Cl)OC
LT00106,hydroxyurea,8,vMost-DILI-Concern,C(=O)(N)NO
LT00107,imatinib,8,vMost-DILI-Concern,CC1=C(C=C(C=C1)NC(=O)C2=CC=C(C=C2)CN3CCN(CC3)C)NC4=NC=CC(=N4)C5=CN=CC=C5
LT00022,indomethacin,8,vMost-DILI-Concern,CC1=C(C2=C(N1C(=O)C3=CC=C(C=C3)Cl)C=CC(=C2)OC)CC(=O)O
LT00234,isotretinoin,5,vMost-DILI-Concern,CC1=C(C(CCC1)(C)C)/C=C/C(=C/C=C/C(=C\C(=O)O)/C)/C
LT00182,itraconazole,8,vMost-DILI-Concern,CCC(C)N1C(=O)N(C=N1)C2=CC=C(C=C2)N3CCN(CC3)C4=CC=C(C=C4)OC[C@H]5CO[C@](O5)(CN6C=NC=N6)C7=C(C=C(C=C7)Cl)Cl
LT00112,labetalol,8,vMost-DILI-Concern,CC(CCC1=CC=CC=C1)NCC(C2=CC(=C(C=C2)O)C(=O)N)O
LT01481,lamotrigine,7,vMost-DILI-Concern,C1=CC(=C(C(=C1)Cl)Cl)C2=C(N=C(N=N2)N)N
LT01488,levofloxacin,8,vMost-DILI-Concern,C[C@H]1COC2=C3N1C=C(C(=O)C3=CC(=C2N4CCN(CC4)C)F)C(=O)O
LT00116,mefenamic acid,8,vMost-DILI-Concern,CC1=C(C(=CC=C1)NC2=CC=CC=C2C(=O)O)C
LT00003,mercaptopurine,8,vMost-DILI-Concern,C1=NC2=C(N1)C(=S)N=CN2
LT00580,methimazole,8,vMost-DILI-Concern,CN1C=CNC1=S
LT00121,methyldopa,8,vMost-DILI-Concern,C[C@](CC1=CC(=C(C=C1)O)O)(C(=O)O)N
LT01187,micafungin,7,vMost-DILI-Concern,CCCCCOC1=CC=C(C=C1)C2=CC(=NO2)C3=CC=C(C=C3)C(=O)NC4CC(C(NC(=O)C5C(C(CN5C(=O)C(NC(=O)C(NC(=O)C6CC(CN6C(=O)C(NC4=O)C(C)O)O)C(C(C7=CC(=C(C=C7)O)OS(=O)(=O)O)O)O)C(CC(=O)N)O)C)O)O)O
LT01263,milnacipran,7,vMost-DILI-Concern,CCN(CC)C(=O)[C@@]1(C[C@@H]1CN)C2=CC=CC=C2
LT00416,minocycline,8,vMost-DILI-Concern,CN(C)[C@H]1[C@@H]2C[C@@H]3CC4=C(C=CC(=C4C(=C3C(=O)[C@@]2(C(=O)/C(=C(/N)\O)/C1=O)O)O)O)N(C)C
LT02121,nandrolone decanoate,7,vMost-DILI-Concern,C[C@]12CC[C@H]3[C@H]([C@@H]1CC[C@@H]2O)CCC4=CC(=O)CC[C@H]34
LT00312,niacin,7,vMost-DILI-Concern,C1=CC(=CN=C1)C(=O)O
LT01600,nilutamide,8,vMost-DILI-Concern,CC1(C(=O)N(C(=O)N1)C2=CC(=C(C=C2)[N+](=O)[O-])C(F)(F)F)C
LT00125,nitrofurantoin,8,vMost-DILI-Concern,C1C(=O)NC(=O)N1/N=C\C2=CC=C(O2)[N+](=O)[O-]
LT01615,nortriptyline,8,vMost-DILI-Concern,CNCCC=C1C2=CC=CC=C2CCC3=CC=CC=C31
LT02216,orlistat,8,vMost-DILI-Concern,CCCCCCCCCCC[C@@H](C[C@H]1[C@@H](C(=O)O1)CCCCCC)OC(=O)[C@H](CC(C)C)NC=O
LT01181,oxaliplatin,4,vMost-DILI-Concern,C1CC[C@H]([C@@H](C1)N)N.C(=O)(C(=O)[O-])[O-].[Pt+2]
LT01637,papaverine,5,vMost-DILI-Concern,COC1=C(C=C(C=C1)CC2=NC=CC3=CC(=C(C=C32)OC)OC)OC
LT00032,phenytoin,8,vMost-DILI-Concern,C1=CC=C(C=C1)C2(C(=O)NC(=O)N2)C3=CC=CC=C3
LT00642,raltegravir,7,vMost-DILI-Concern,CC1=NN=C(O1)C(=O)NC(C)(C)C2=N/C(=C(/NCC3=CC=C(C=C3)F)\O)/C(=O)C(=O)N2C
LT00034,rifampin,8,vMost-DILI-Concern,C[C@H]1/C=C/C=C(\C(=O)NC\2=C(C3=C(C(=C4C(=C3C(=O)/C2=C/NN5CCN(CC5)C)C(=O)[C@](O4)(O/C=C/[C@@H]([C@H]([C@H]([C@@H]([C@@H]([C@@H]([C@H]1O)C)O)C)OC(=O)C)C)OC)C)C)O)O)/C
LT01731,riluzole,8,vMost-DILI-Concern,C1=CC2=C(C=C1OC(F)(F)F)SC(=N2)N
LT01737,ritonavir,8,vMost-DILI-Concern,CC(C)C1=NC(=CS1)CN(C)C(=O)N[C@@H](C(C)C)C(=O)N[C@@H](CC2=CC=CC=C2)C[C@@H]([C@H](CC3=CC=CC=C3)NC(=O)OCC4=CN=CS4)O
LT01241,sorafenib,8,vMost-DILI-Concern,CNC(=O)C1=NC=CC(=C1)OC2=CC=C(C=C2)NC(=O)NC3=CC(=C(C=C3)Cl)C(F)(F)F
LT00147,sulfasalazine,5,vMost-DILI-Concern,C1=CC=NC(=C1)NS(=O)(=O)C2=CC=C(C=C2)N/N=C/3\C=CC(=O)C(=C3)C(=O)O
LT00148,sulindac,8,vMost-DILI-Concern,CC1=C(C2=C(C1=CC3=CC=C(C=C3)S(=O)C)C=CC(=C2)F)CC(=O)O
LT00152,tamoxifen,8,vMost-DILI-Concern,CC/C(=C(\C1=CC=CC=C1)/C2=CC=C(C=C2)OCCN(C)C)/C3=CC=CC=C3
LT01944,telithromycin,8,vMost-DILI-Concern,CC[C@@H]1[C@@]2([C@@H]([C@H](C(=O)[C@@H](C[C@]([C@@H]([C@H](C(=O)[C@H](C(=O)O1)C)C)O[C@H]3[C@@H]([C@H](C[C@H](O3)C)N(C)C)O)(C)OC)C)C)N(C(=O)O2)CCCCN4C=C(N=C4)C5=CN=CC=C5)C
LT00634,terbinafine,8,vMost-DILI-Concern,CC(C)(C)C#CC=CCN(C)CC1=CC=CC2=CC=CC=C21
LT00223,testosterone,8,vMost-DILI-Concern,C[C@]12CC[C@H]3[C@H]([C@@H]1CC[C@@H]2O)CCC4=CC(=O)CC[C@]34C
LT00635,thiabendazole,7,vMost-DILI-Concern,C1=CC=C2C(=C1)NC(=N2)C3=CSC=N3
LT00227,ticlopidine,4,vMost-DILI-Concern,C1CN(CC2=C1SC=C2)CC3=CC=CC=C3Cl
LT00155,tizanidine,8,vMost-DILI-Concern,C1CN=C(N1)NC2=C(C=CC3=NSN=C32)Cl
LT00661,tolvaptan,8,vMost-DILI-Concern,CC1=CC=CC=C1C(=O)NC2=CC(=C(C=C2)C(=O)N3CCCC(C4=C3C=CC(=C4)Cl)O)C
LT01097,voriconazole,8,vMost-DILI-Concern,C[C@@H](C1=NC=NC=C1F)[C@](CN2C=NC=N2)(C3=C(C=C(C=C3)F)F)O
LT01869,zafirlukast,8,vMost-DILI-Concern,CC1=CC=CC=C1S(=O)(=O)NC(=O)C2=CC(=C(C=C2)CC3=CN(C4=C3C=C(C=C4)NC(=O)OC5CCCC5)C)OC
LT00649,zileuton,5,vMost-DILI-Concern,CC(C1=CC2=CC=CC=C2S1)N(C(=O)N)O
LT01155,adefovir,2,vLess-DILI-Concern,CC(C)(C)C(=O)OCOP(=O)(COCCN1C=NC2=C1N=CN=C2N)OCOC(=O)C(C)(C)C
LT00048,amphotericin b,3,vLess-DILI-Concern,C[C@H]1C=CC=CC=CC=CC=CC=CC=C[C@@H](C[C@H]2[C@@H]([C@H](C[C@](O2)(C[C@H](C[C@H]([C@@H](CC[C@H](C[C@H](CC(=O)O[C@H]([C@@H]([C@@H]1O)C)C)O)O)O)O)O)O)O)C(=O)O)O[C@H]3[C@H]([C@H]([C@@H]([C@H](O3)C)O)N)O
LT00049,ampicillin,3,vLess-DILI-Concern,CC1([C@@H](N2[C@H](S1)[C@@H](C2=O)NC(=O)[C@@H](C3=CC=CC=C3)N)C(=O)O)C
LT01199,atazanavir,3,vLess-DILI-Concern,CC(C)(C)[C@@H](C(=O)N[C@@H](CC1=CC=CC=C1)[C@H](CN(CC2=CC=C(C=C2)C3=CC=CC=N3)NC(=O)[C@H](C(C)(C)C)NC(=O)OC)O)NC(=O)OC
LT02166,auranofin,3,vLess-DILI-Concern,CCP(CC)CC.CC(=O)OC[C@@H]1[C@H]([C@@H]([C@H]([C@@H](O1)[S-])OC(=O)C)OC(=O)C)OC(=O)C.[Au+]
LT00279,bromocriptine,3,vLess-DILI-Concern,CC(C)C[C@H]1C(=O)N2CCC[C@H]2[C@]3(N1C(=O)[C@](O3)(C(C)C)NC(=O)[C@H]4CN([C@@H]5CC6=C(NC7=CC=CC(=C67)C5=C4)Br)C)O
LT01159,carbenicillin,3,vLess-DILI-Concern,CC1([C@@H](N2[C@H](S1)[C@@H](C2=O)NC(=O)C(C3=CC=CC=C3)C(=O)O)C(=O)O)C
LT00061,carboplatin,3,vLess-DILI-Concern,C1CC(C1)(C(=O)O)C(=O)O.[NH2-].[NH2-].[Pt]
LT00252,celecoxib,3,vLess-DILI-Concern,CC1=CC=C(C=C1)C2=CC(=NN2C3=CC=C(C=C3)S(=O)(=O)N)C(F)(F)F
LT00286,chlorambucil,3,vLess-DILI-Concern,C1=CC(=CC=C1CCCC(=O)O)N(CCCl)CCCl
LT00071,cisplatin,3,vLess-DILI-Concern,N.N.Cl[Pt+2]Cl
LT01225,clindamycin,3,vLess-DILI-Concern,CCC[C@@H]1C[C@H](N(C1)C)C(=O)NC([C@@H]2[C@@H]([C@@H]([C@H]([C@H](O2)SC)O)O)O)C(C)Cl
LT00011,clofibrate,3,vLess-DILI-Concern,CCOC(=O)C(C)(C)OC1=CC=C(C=C1)Cl
LT00233,clomiphene,3,vLess-DILI-Concern,CCN(CC)CCOC1=CC=C(C=C1)/C(=C(/C2=CC=CC=C2)\Cl)/C3=CC=CC=C3
LT00248,clotrimazole,3,vLess-DILI-Concern,C1=CC=C(C=C1)C(C2=CC=CC=C2)(C3=CC=CC=C3Cl)N4C=CN=C4
LT01235,cloxacillin,3,vLess-DILI-Concern,CC1=C(C(=NO1)C2=CC=CC=C2Cl)C(=O)N[C@H]3[C@@H]4N(C3=O)[C@H](C(S4)(C)C)C(=O)O
LT00289,dapsone,3,vLess-DILI-Concern,C1=CC(=CC=C1N)S(=O)(=O)C2=CC=C(C=C2)N
LT02041,dicloxacillin,3,vLess-DILI-Concern,CC1=C(C(=NO1)C2=C(C=CC=C2Cl)Cl)C(=O)N[C@H]3[C@@H]4N(C3=O)[C@H](C(S4)(C)C)C(=O)O
LT01309,docetaxel,3,vLess-DILI-Concern,CC1=C2[C@H](C(=O)[C@@]3([C@H](C[C@@H]4[C@]([C@H]3[C@@H]([C@@](C2(C)C)(C[C@@H]1OC(=O)[C@@H]([C@H](C5=CC=CC=C5)NC(=O)OC(C)(C)C)O)O)OC(=O)C6=CC=CC=C6)(CO4)OC(=O)C)O)C)O
LT01348,ethionamide,3,vLess-DILI-Concern,CCC1=NC=CC(=C1)C(=S)N
LT01153,ezetimibe,3,vLess-DILI-Concern,C1=CC(=CC=C1[C@@H]2[C@H](C(=O)N2C3=CC=C(C=C3)F)CC[C@@H](C4=CC=C(C=C4)F)O)O
LT00098,fenofibrate,3,vLess-DILI-Concern,CC(C)OC(=O)C(C)(C)OC1=CC=C(C=C1)C(=O)C2=CC=C(C=C2)Cl
LT00172,fluvastatin,3,vLess-DILI-Concern,CC(C)N1C2=CC=CC=C2C(=C1/C=C/[C@@H](C[C@@H](CC(=O)O)O)O)C3=CC=C(C=C3)F
LT00300,gabapentin,3,vLess-DILI-Concern,C1CCC(CC1)(CC(=O)O)CN
LT01084,gemifloxacin,3,vLess-DILI-Concern,CO/N=C\1/CN(CC1CN)C2=C(C=C3C(=O)C(=CN(C3=N2)C4CC4)C(=O)O)F
LT00199,ibuprofen,3,vLess-DILI-Concern,CC(C)CC1=CC=C(C=C1)C(C)C(=O)O
LT00023,ketoprofen,3,vLess-DILI-Concern,CC(C1=CC=CC(=C1)C(=O)C2=CC=CC=C2)C(=O)O
LT00204,ketorolac,3,vLess-DILI-Concern,C1CN2C(=CC=C2C(=O)C3=CC=CC=C3)C1C(=O)O
LT00569,lamivudine,3,vLess-DILI-Concern,C1[C@H](O[C@H](S1)CO)N2C=CC(=NC2=O)N
LT01238,lenalidomide,3,vLess-DILI-Concern,C1CC(=O)NC(=O)C1N2CC3=C(C2=O)C=CC=C3N
LT00572,letrozole,2,vLess-DILI-Concern,C1=CC(=CC=C1C#N)C(C2=CC=C(C=C2)C#N)N3C=NC=N3
LT00575,lomustine,3,vLess-DILI-Concern,C1CCC(CC1)NC(=O)N(CCCl)N=O
LT00576,lovastatin,3,vLess-DILI-Concern,CC[C@H](C)C(=O)O[C@H]1C[C@H](C=C2[C@H]1[C@H]([C@H](C=C2)C)CC[C@@H]3C[C@H](CC(=O)O3)O)C
LT00308,mebendazole,3,vLess-DILI-Concern,COC(=O)NC1=NC2=C(N1)C=C(C=C2)C(=O)C3=CC=CC=C3
LT00117,meloxicam,3,vLess-DILI-Concern,CC1=CN=C(S1)NC(=O)C2=C(C3=CC=CC=C3S(=O)(=O)N2C)O
LT01525,meropenem,3,vLess-DILI-Concern,C[C@@H]1[C@@H]2[C@H](C(=O)N2C(=C1S[C@H]3CC[C@H](N3)C(=O)N(C)C)C(=O)O)[C@@H](C)O
LT01537,methoxsalen,3,vLess-DILI-Concern,COC1=C2C(=CC3=C1OC=C3)C=CC(=O)O2
LT00222,methyltestosterone,2,vLess-DILI-Concern,C[C@]12CCC(=O)C=C1CC[C@@H]3[C@@H]2CC[C@]4([C@H]3CC[C@]4(C)O)C
LT01560,mirtazapine,3,vLess-DILI-Concern,CN1CCN2C(C1)C3=CC=CC=C3CC4=C2N=CC=C4
LT01565,mitoxantrone,3,vLess-DILI-Concern,C1=CC(=C2C(=C1NCCNCCO)C(=O)C3=C(C=CC(=C3C2=O)O)O)NCCNCCO
LT00589,modafinil,3,vLess-DILI-Concern,C1=CC=C(C=C1)C(C2=CC=CC=C2)S(=O)CC(=O)N
LT01583,nafcillin,3,vLess-DILI-Concern,CCOC1=C(C2=CC=CC=C2C=C1)C(=O)N[C@H]3[C@@H]4N(C3=O)[C@H](C(S4)(C)C)C(=O)O
LT00593,naproxen,3,vLess-DILI-Concern,CC(C1=CC2=C(C=C1)C=C(C=C2)OC)C(=O)O
LT00313,nifedipine,3,vLess-DILI-Concern,CC1=C(C(C(=C(N1)C)C(=O)OC)C2=CC=CC=C2[N+](=O)[O-])C(=O)OC
LT01614,norfloxacin,3,vLess-DILI-Concern,CCN1C=C(C(=O)C2=CC(=C(C=C21)N3CCNCC3)F)C(=O)O
LT01618,octreotide,2,vLess-DILI-Concern,CC(C1C(=O)NC(CSSCC(C(=O)NC(C(=O)NC(C(=O)NC(C(=O)N1)CCCCN)CC2=CNC3=CC=CC=C32)CC4=CC=CC=C4)NC(=O)C(CC5=CC=CC=C5)N)C(=O)NC(CO)C(C)O)O
LT01620,ofloxacin,3,vLess-DILI-Concern,CC1COC2=C3N1C=C(C(=O)C3=CC(=C2N4CCN(CC4)C)F)C(=O)O
LT01624,oxacillin,3,vLess-DILI-Concern,CC1=C(C(=NO1)C2=CC=CC=C2)C(=O)N[C@H]3[C@@H]4N(C3=O)[C@H](C(S4)(C)C)C(=O)O
LT00429,oxaprozin,3,vLess-DILI-Concern,C1=CC=C(C=C1)C2=C(OC(=N2)CCC(=O)O)C3=CC=CC=C3
LT01056,oxcarbazepine,3,vLess-DILI-Concern,C1C2=CC=CC=C2N(C3=CC=CC=C3C1=O)C(=O)N
LT00488,penicillamine,2,vLess-DILI-Concern,CC(C)([C@H](C(=O)O)N)S
LT00129,pentamidine,3,vLess-DILI-Concern,C1=CC(=CC=C1C(=N)N)OCCCCCOC2=CC=C(C=C2)C(=N)N
LT01655,perphenazine,3,vLess-DILI-Concern,C1CN(CCN1CCCN2C3=CC=CC=C3SC4=C2C=C(C=C4)Cl)CCO
LT00030,phenobarbital,3,vLess-DILI-Concern,CCC1(C(=O)NC(=O)NC1=O)C2=CC=CC=C2
LT00134,pioglitazone,3,vLess-DILI-Concern,CCC1=CN=C(C=C1)CCOC2=CC=C(C=C2)CC3C(=O)NC(=O)S3
LT01679,piroxicam,3,vLess-DILI-Concern,CN1/C(=C(\NC2=CC=CC=N2)/O)/C(=O)C3=CC=CC=C3S1(=O)=O
LT00186,pravastatin,3,vLess-DILI-Concern,CC[C@H](C)C(=O)O[C@H]1C[C@@H](C=C2[C@H]1[C@H]([C@H](C=C2)C)CC[C@H](C[C@H](CC(=O)O)O)O)O
LT00614,procarbazine,3,vLess-DILI-Concern,CC(C)NC(=O)C1=CC=C(C=C1)CNNC
LT00166,pyrazinamide,3,vLess-DILI-Concern,C1=CN=C(C=N1)C(=O)N
LT01716,pyrimethamine,3,vLess-DILI-Concern,CCC1=C(C(=NC(=N1)N)N)C2=CC=C(C=C2)Cl
LT00267,quetiapine,3,vLess-DILI-Concern,C1CN(CCN1CCOCCO)C2=NC3=CC=CC=C3SC4=CC=CC=C42
LT01923,quinine,3,vLess-DILI-Concern,COC1=CC2=C(C=CN=C2C=C1)[C@H]([C@@H]3CC4CCN3C[C@@H]4C=C)O
LT00140,rosiglitazone,3,vLess-DILI-Concern,CN(CCOC1=CC=C(C=C1)CC2C(=O)NC(=O)S2)C3=CC=CC=N3
LT01928,rosuvastatin,3,vLess-DILI-Concern,CC(C)C1=NC(=NC(=C1/C=C/[C@@H](C[C@H](CC(=O)O)O)O)C2=CC=C(C=C2)F)N(C)S(=O)(=O)C
LT01684,salsalate,3,vLess-DILI-Concern,C1=CC=C(C(=C1)C(=O)OC2=CC=CC=C2C(=O)O)O
LT01746,saquinavir,3,vLess-DILI-Concern,CC(C)(C)NC(=O)[C@@H]1CC2CCCCC2CN1C[C@H]([C@H](CC3=CC=CC=C3)NC(=O)[C@H](CC(=O)N)NC(=O)C4=NC5=CC=CC=C5C=C4)O
LT00142,simvastatin,3,vLess-DILI-Concern,CCC(C)(C)C(=O)O[C@H]1C[C@H](C=C2[C@H]1[C@H]([C@H](C=C2)C)CC[C@@H]3C[C@H](CC(=O)O3)O)C
LT01766,succimer,2,vLess-DILI-Concern,C(C(C(=O)O)S)(C(=O)O)S
LT01786,teniposide,3,vLess-DILI-Concern,COC1=CC(=CC(=C1O)OC)[C@H]2[C@@H]3[C@H](COC3=O)[C@@H](C4=CC5=C(C=C24)OCO5)O[C@H]6[C@@H]([C@H]([C@H]7[C@H](O6)COC(O7)C8=CC=CS8)O)O
LT02224,tenofovir,3,vLess-DILI-Concern,C[C@H](CN1C=NC2=C1N=CN=C2N)OCP(=O)(O)O
LT00036,tetracycline,2,vLess-DILI-Concern,CC1(C2CC3C(C(=O)/C(=C(\N)/O)/C(=O)C3(C(=O)C2=C(C4=C1C=CC=C4O)O)O)N(C)C)O
LT00452,thioguanine,2,vLess-DILI-Concern,C1=NC2=C(N1)C(=S)N=C(N2)N
LT01804,thiotepa,3,vLess-DILI-Concern,C1CN1P(=S)(N2CC2)N3CC3
LT01971,valdecoxib,3,vLess-DILI-Concern,CC1=C(C(=NO1)C2=CC=CC=C2)C3=CC=C(C=C3)S(=O)(=O)N
LT00332,verapamil,3,vLess-DILI-Concern,CC(C)C(CCCN(C)CCC1=CC(=C(C=C1)OC)OC)(C#N)C2=CC(=C(C=C2)OC)OC
LT00162,vitamin a,3,vLess-DILI-Concern,CC1=C(C(CCC1)(C)C)/C=C/C(=C/C=C/C(=C/CO)/C)/C
LT01141,acamprosate,3,vLess-DILI-Concern,CC(=O)NCCCS(=O)(=O)O
LT01035,acebutolol,3,vLess-DILI-Concern,CCCC(=O)NC1=CC(=C(C=C1)OCC(CNC(C)C)O)C(=O)C
LT00041,aciclovir,5,vLess-DILI-Concern,C1=NC2=C(N1COCCO)NC(=NC2=O)N
LT01107,alfuzosin,5,vLess-DILI-Concern,CN(CCCNC(=O)C1CCCO1)C2=NC3=CC(=C(C=C3C(=N2)N)OC)OC
LT01070,alosetron,4,vLess-DILI-Concern,CC1=C(N=CN1)CN2CCC3=C(C2=O)C4=CC=CC=C4N3C
LT00501,alprazolam,7,vLess-DILI-Concern,CC1=NN=C2N1C3=C(C=C(C=C3)Cl)C(=NC2)C4=CC=CC=C4
LT02070,amiloride,3,vLess-DILI-Concern,C1(=C(N=C(C(=N1)Cl)N)N)C(=O)N=C(N)N
LT00047,amitriptyline,5,vLess-DILI-Concern,CN(C)CCC=C1C2=CC=CC=C2CCC3=CC=CC=C31
LT00175,amlodipine,5,vLess-DILI-Concern,CCOC(=O)C1=C(NC(=C(C1C2=CC=CC=C2Cl)C(=O)OC)C)COCCN
LT00507,amoxicillin,5,vLess-DILI-Concern,CC1([C@@H](N2[C@H](S1)[C@@H](C2=O)NC(=O)[C@@H](C3=CC=C(C=C3)O)N)C(=O)O)C
LT00263,anastrozole,3,vLess-DILI-Concern,CC(C)(C#N)C1=CC(=CC(=C1)CN2C=NC=N2)C(C)(C)C#N
LT00277,atenolol,4,vLess-DILI-Concern,CC(C)NCC(COC1=CC=C(C=C1)CC(=O)N)O
LT00265,azithromycin,7,vLess-DILI-Concern,CC[C@@H]1[C@@]([C@@H]([C@H](N(C[C@@H](C[C@@]([C@@H](C([C@@H]([C@H](C(=O)O1)C)O[C@H]2C[C@@]([C@H]([C@@H](O2)C)O)(C)OC)C)O[C@H]3[C@@H]([C@H](C[C@H](O3)C)N(C)C)O)(C)O)C)C)C)O)(C)O
LT01113,baclofen,3,vLess-DILI-Concern,C1=CC(=CC=C1C(CC(=O)O)CN)Cl
LT01116,benazepril,4,vLess-DILI-Concern,CCOC(=O)[C@H](CCC1=CC=CC=C1)N[C@H]2CCC3=CC=CC=C3N(C2=O)CC(=O)O
LT00825,bendroflumethiazide,5,vLess-DILI-Concern,C1=CC=C(C=C1)CC2NC3=C(C=C(C(=C3)C(F)(F)F)S(=O)(=O)N)S(=O)(=O)N2
LT00058,bupropion,5,vLess-DILI-Concern,CC(C(=O)C1=CC(=CC=C1)Cl)NC(C)(C)C
LT01022,candesartan,3,vLess-DILI-Concern,CCOC1=NC2=CC=CC(=C2N1CC3=CC=C(C=C3)C4=CC=CC=C4C5=NNN=N5)C(=O)O
LT00059,captopril,7,vLess-DILI-Concern,C[C@H](CS)C(=O)N1CCC[C@H]1C(=O)O
LT00207,carvedilol,3,vLess-DILI-Concern,COC1=CC=CC=C1OCCNCC(COC2=CC=CC3=C2C4=CC=CC=C4N3)O
LT01166,cefaclor,3,vLess-DILI-Concern,C1C(=C(N2[C@H](S1)[C@@H](C2=O)NC(=O)C(C3=CC=CC=C3)N)C(=O)O)Cl
LT01167,cefadroxil,7,vLess-DILI-Concern,CC1=C(N2C(C(C2=O)NC(=O)C(C3=CC=C(C=C3)O)N)SC1)C(=O)O
LT01171,cefazolin,3,vLess-DILI-Concern,CC1=NN=C(S1)SCC2=C(N3C([C@@H](C3=O)NC(=O)CN4C=NN=N4)SC2)C(=O)O
LT01289,cefdinir,7,vLess-DILI-Concern,C=CC1=C(N2[C@@H]([C@@H](C2=O)NC(=O)/C(=N\O)/C3=CSC(=N3)N)SC1)C(=O)O
LT01172,cefepime,3,vLess-DILI-Concern,C[N+]1(CCCC1)CC2=C(N3[C@@H]([C@@H](C3=O)NC(=O)/C(=N\OC)/C4=CSC(=N4)N)SC2)C(=O)[O-]
LT01176,cefoperazone,3,vLess-DILI-Concern,CCN1CCN(C(=O)C1=O)C(=O)NC(C2=CC=C(C=C2)O)C(=O)N[C@H]3[C@@H]4N(C3=O)C(=C(CS4)CSC5=NN=NN5C)C(=O)O
LT01177,cefotaxime,5,vLess-DILI-Concern,CC(=O)OCC1=C(N2[C@@H]([C@@H](C2=O)NC(=O)C(=NOC)C3=CSC(=N3)N)SC1)C(=O)O
LT01182,cefprozil,4,vLess-DILI-Concern,C/C=C/C1=C(N2[C@@H]([C@@H](C2=O)NC(=O)[C@@H](C3=CC=C(C=C3)O)N)SC1)C(=O)O
LT00062,ceftazidime,3,vLess-DILI-Concern,CC(C)(C(=O)O)O/N=C(/C1=CSC(=N1)N)\C(=O)N[C@H]2[C@@H]3N(C2=O)C(=C(CS3)C[N+]4=CC=CC=C4)C(=O)[O-]
LT01185,ceftriaxone,4,vLess-DILI-Concern,CN1C(=NC(=O)C(=O)N1)SCC2=C(N3[C@@H]([C@@H](C3=O)NC(=O)/C(=N/OC)/C4=CSC(=N4)N)SC2)C(=O)O
LT01186,cefuroxime,5,vLess-DILI-Concern,CO/N=C(\C1=CC=CO1)/C(=O)N[C@H]2[C@@H]3N(C2=O)C(=C(CS3)COC(=O)N)C(=O)O
LT01189,cephalexin,4,vLess-DILI-Concern,CC1=C(N2[C@@H]([C@@H](C2=O)NC(=O)[C@@H](C3=CC=CC=C3)N)SC1)C(=O)O
LT01190,cetirizine,3,vLess-DILI-Concern,C1CN(CCN1CCOCC(=O)O)C(C2=CC=CC=C2)C3=CC=C(C=C3)Cl
LT01198,chlordiazepoxide,5,vLess-DILI-Concern,CN=C1CN(C(=C2C=C(C=CC2=N1)Cl)C3=CC=CC=C3)O
LT01207,chloroquine,3,vLess-DILI-Concern,CCN(CC)CCCC(C)NC1=C2C=CC(=CC2=NC=C1)Cl
LT01208,chlorothiazide,2,vLess-DILI-Concern,C1=C2C(=CC(=C1Cl)S(=O)(=O)N)S(=O)(=O)N=CN2
LT00068,chlorpromazine,2,vLess-DILI-Concern,CN(C)CCCN1C2=CC=CC=C2SC3=C1C=C(C=C3)Cl
LT00379,chlorpropamide,2,vLess-DILI-Concern,CCCNC(=O)NS(=O)(=O)C1=CC=C(C=C1)Cl
LT01218,cimetidine,2,vLess-DILI-Concern,CC1=C(N=CN1)CSCCNC(=NC)NC#N
LT00219,citalopram,7,vLess-DILI-Concern,CN(C)CCCC1(C2=C(CO1)C=C(C=C2)C#N)C3=CC=C(C=C3)F
LT00532,clonazepam,3,vLess-DILI-Concern,C1C(=O)NC2=C(C=C(C=C2)[N+](=O)[O-])C(=N1)C3=CC=CC=C3Cl
LT01023,clopidogrel,7,vLess-DILI-Concern,COC(=O)[C@H](C1=CC=CC=C1Cl)N2CCC3=C(C2)C=CS3
LT02004,cromoglicate,3,vLess-DILI-Concern,C1=CC2=C(C(=C1)OCC(COC3=CC4=C(C=C3)OC(=CC4=O)C(=O)O)O)C(=O)C=C(O2)C(=O)O
LT01249,cyclobenzaprine,5,vLess-DILI-Concern,CN(C)CCC=C1C2=CC=CC=C2C=CC3=CC=CC=C31
LT00013,cyclophosphamide,5,vLess-DILI-Concern,C1CNP(=O)(OC1)N(CCCl)CCCl
LT01255,cyproheptadine,7,vLess-DILI-Concern,CN1CCC(=C2C3=CC=CC=C3C=CC4=CC=CC=C42)CC1
LT00961,dalteparin sodium,3,vLess-DILI-Concern,C(C1C(C(C(C(O1)O)NS(=O)(=O)[O-])O)OC2C(C(C(C(O2)C(=O)[O-])O)O)OS(=O)(=O)[O-])OS(=O)(=O)[O-]
LT01200,daptomycin,5,vLess-DILI-Concern,CCCCCCCCCC(=O)N[C@@H](CC1=CNC2=CC=CC=C21)C(=O)N[C@@H](CC(=O)N)C(=O)N[C@@H](CC(=O)O)C(=O)NC3C(OC(=O)[C@@H](NC(=O)[C@@H](NC(=O)[C@H](NC(=O)CNC(=O)[C@@H](NC(=O)[C@H](NC(=O)[C@@H](NC(=O)[C@@H](NC(=O)CNC3=O)CCCN)CC(=O)O)C)CC(=O)O)CO)C(C)CC(=O)O)CC(=O)C4=CC=CC=C4N)C
LT01248,dasatinib,4,vLess-DILI-Concern,CC1=C(C(=CC=C1)Cl)NC(=O)C2=CN=C(S2)NC3=NC(=NC(=C3)N4CCN(CC4)CCO)C
LT01085,desloratadine,3,vLess-DILI-Concern,C1CC2=C(C=CC(=C2)Cl)C(=C3CCNCC3)C4=C1C=CC=N4
LT00573,desvenlafaxine,3,vLess-DILI-Concern,CN(C)CC(C1=CC=C(C=C1)O)C2(CCCCC2)O
LT01266,dexlansoprazole,4,vLess-DILI-Concern,CC1=C(C=CN=C1C[S@@](=O)C2=NC3=CC=CC=C3N2)OCC(F)(F)F
LT02909,dexmethylphenidate,7,vLess-DILI-Concern,COC(=O)[C@@H]([C@H]1CCCCN1)C2=CC=CC=C2
LT01302,disopyramide,2,vLess-DILI-Concern,CC(C)N(CCC(C1=CC=CC=C1)(C2=CC=CC=N2)C(=O)N)C(C)C
LT00052,donepezil,3,vLess-DILI-Concern,COC1=C(C=C2C(=C1)CC(C2=O)CC3CCN(CC3)CC4=CC=CC=C4)OC
LT01314,doxepin,4,vLess-DILI-Concern,CN(C)CC/C=C/1\C2=CC=CC=C2COC3=CC=CC=C31
LT00335,doxorubicin,3,vLess-DILI-Concern,C[C@H]1[C@H]([C@H](C[C@@H](O1)O[C@H]2C[C@@](CC3=C(C4=C(C(=C23)O)C(=O)C5=C(C4=O)C=CC=C5OC)O)(C(=O)CO)O)N)O
LT00393,doxycycline,3,vLess-DILI-Concern,C[C@@H]1[C@H]2[C@@H]([C@H]3[C@@H](C(=O)/C(=C(\N)/O)/C(=O)[C@]3(C(=O)C2=C(C4=C1C=CC=C4O)O)O)N(C)C)O
LT00296,enalapril,7,vLess-DILI-Concern,CCOC(=O)[C@@H](CCC1=CC=CC=C1)N[C@@H](C)C(=O)N2CCC[C@H]2C(=O)O
LT00954,enoxaparin,3,vLess-DILI-Concern,C([C@@H]1C([C@@H](C(C(O1)O)NS(=O)(=O)[O-])O)O[C@H]2C([C@H](C(C(O2)C(=O)[O-])O)O)OS(=O)(=O)[O-])OS(=O)(=O)[O-]
LT02929,escitalopram,7,vLess-DILI-Concern,CN(C)CCC[C@@]1(C2=C(CO1)C=C(C=C2)C#N)C3=CC=C(C=C3)F
LT01589,esomeprazole Sodium,4,vLess-DILI-Concern,CC1=CN=C(C(=C1OC)C)C[S@@](=O)C2=NC3=C(N2)C=C(C=C3)OC
LT00016,estradiol,2,vLess-DILI-Concern,C[C@]12CC[C@H]3[C@H]([C@@H]1CC[C@@H]2O)CCC4=C3C=CC(=C4)O
LT00094,etoposide,3,vLess-DILI-Concern,C[C@@H]1OC[C@@H]2[C@@H](O1)[C@@H]([C@H]([C@@H](O2)O[C@H]3[C@H]4COC(=O)[C@@H]4[C@@H](C5=CC6=C(C=C35)OCO6)C7=CC(=C(C(=C7)OC)O)OC)O)O
LT00095,famotidine,3,vLess-DILI-Concern,C1=C(N=C(S1)N=C(N)N)CSCCC(=NS(=O)(=O)N)N
LT00397,felodipine,3,vLess-DILI-Concern,CCOC(=O)C1=C(NC(=C(C1C2=C(C(=CC=C2)Cl)Cl)C(=O)OC)C)C
LT01375,flecainide,7,vLess-DILI-Concern,C1CCNC(C1)CNC(=O)C2=C(C=CC(=C2)OCC(F)(F)F)OCC(F)(F)F
LT00018,fluoxetine,3,vLess-DILI-Concern,CNCCC(C1=CC=CC=C1)OC2=CC=C(C=C2)C(F)(F)F
LT01394,flurazepam,4,vLess-DILI-Concern,CCN(CC)CCN1C(=O)CN=C(C2=C1C=CC(=C2)Cl)C3=CC=CC=C3F
LT01125,fondaparinux sodium,3,vLess-DILI-Concern,CO[C@@H]1[C@@H]([C@H]([C@@H]([C@H](O1)COS(=O)(=O)[O-])O[C@H]2[C@@H]([C@H]([C@@H]([C@@H](O2)C(=O)[O-])O[C@@H]3[C@@H]([C@H]([C@@H]([C@H](O3)COS(=O)(=O)[O-])O[C@H]4[C@@H]([C@H]([C@@H]([C@H](O4)C(=O)[O-])O[C@@H]5[C@@H]([C@H]([C@@H]([C@H](O5)COS(=O)(=O)[O-])O)O)NS(=O)(=O)[O-])O)O)OS(=O)(=O)[O-])NS(=O)(=O)[O-])O)OS(=O)(=O)[O-])O)NS(=O)(=O)[O-].[Na+].[Na+].[Na+].[Na+].[Na+].[Na+].[Na+].[Na+].[Na+].[Na+]
LT01398,fosfomycin,6,vLess-DILI-Concern,C[C@H]1[C@H](O1)P(=O)(O)O
LT01399,fosinopril,3,vLess-DILI-Concern,CCC(=O)OC(C(C)C)OP(=O)(CCCCC1=CC=CC=C1)CC(=O)N2C[C@@H](C[C@H]2C(=O)O)C3CCCCC3
LT00302,glibenclamide,3,vLess-DILI-Concern,COC1=C(C=C(C=C1)Cl)C(=O)NCCC2=CC=C(C=C2)S(=O)(=O)NC(=O)NC3CCCCC3
LT00173,glimepiride,7,vLess-DILI-Concern,CCC1=C(CN(C1=O)C(=O)NCCC2=CC=C(C=C2)S(=O)(=O)NC(=O)NC3CCC(CC3)C)C
LT00243,glipizide,3,vLess-DILI-Concern,CC1=NC=C(N=C1)C(=O)NCCC2=CC=C(C=C2)S(=O)(=O)NC(=O)NC3CCCCC3
LT00405,haloperidol,5,vLess-DILI-Concern,C1CN(CCC1(C2=CC=C(C=C2)Cl)O)CCCC(=O)C3=CC=C(C=C3)F
LT01426,heparin sodium,3,vLess-DILI-Concern,CC(=O)NC1C(C(C(OC1O)COS(=O)(=O)O)OC2C(C(C(C(O2)C(=O)O)OC3C(C(C(C(O3)CO)OC4C(C(C(C(O4)C(=O)O)O)O)OS(=O)(=O)O)OS(=O)(=O)O)NS(=O)(=O)O)O)OS(=O)(=O)O)O
LT00559,hydralazine,3,vLess-DILI-Concern,C1=CC=C2C(=C1)C=NN=C2NN
LT01433,hydrochlorothiazide,2,vLess-DILI-Concern,C1NC2=CC(=C(C=C2S(=O)(=O)N1)S(=O)(=O)N)Cl
LT02026,hydroxychloroquine,7,vLess-DILI-Concern,CCN(CCCC(C)NC1=C2C=CC(=CC2=NC=C1)Cl)CCO
LT00562,ifosfamide,4,vLess-DILI-Concern,C1CN(P(=O)(OC1)NCCCl)CCCl
LT00108,imipramine,3,vLess-DILI-Concern,CN(C)CCCN1C2=CC=CC=C2CCC3=CC=CC=C31
LT01005,irbesartan,5,vLess-DILI-Concern,CCCCC1=NC2(CCCC2)C(=O)N1CC3=CC=C(C=C3)C4=CC=CC=C4C5=NNN=N5
LT01466,irinotecan,3,vLess-DILI-Concern,CCC1=C2C=C(C=CC2=NC3=C1CN4C3=CC5=C(C4=O)COC(=O)[C@@]5(CC)O)OC(=O)N6CCC(CC6)N7CCCCC7
LT01475,isradipine,3,vLess-DILI-Concern,CC1=C(C(C(=C(N1)C)C(=O)OC(C)C)C2=CC=CC3=NON=C32)C(=O)OC
LT00568,ivermectin,3,vLess-DILI-Concern,CCC(C)[C@@H]1[C@H](CC[C@@]2(O1)C[C@@H]3C[C@H](O2)C/C=C(/[C@H]([C@H](/C=C/C=C/4\CO[C@H]5[C@@]4([C@@H](C=C([C@H]5O)C)C(=O)O3)O)C)O[C@H]6C[C@@H]([C@H]([C@@H](O6)C)O[C@H]7C[C@@H]([C@H]([C@@H](O7)C)O)OC)OC)\C)C.C[C@H]1CC[C@]2(C[C@@H]3C[C@H](O2)C/C=C(/[C@H]([C@H](/C=C/C=C/4\CO[C@H]5[C@@]4([C@@H](C=C([C@H]5O)C)C(=O)O3)O)C)O[C@H]6C[C@@H]([C@H]([C@@H](O6)C)O[C@H]7C[C@@H]([C@H]([C@@H](O7)C)O)OC)OC)\C)O[C@@H]1C(C)C
LT00307,lansoprazole,3,vLess-DILI-Concern,CC1=C(C=CN=C1CS(=O)C2=NC3=CC=CC=C3N2)OCC(F)(F)F
LT02019,leuprolide,3,vLess-DILI-Concern,CCNC(=O)C1CCCN1C(=O)C(CCCN=C(N)N)NC(=O)C(CC(C)C)NC(=O)C(CC(C)C)NC(=O)C(CC2=CC=C(C=C2)O)NC(=O)C(CO)NC(=O)C(CC3=CNC4=CC=CC=C43)NC(=O)C(CC5=CN=CN5)NC(=O)C6CCC(=O)N6
LT01059,levetiracetam,8,vLess-DILI-Concern,CC[C@H](C(=O)N)N1CCCC1=O
LT00600,levocetirizine dihydrochloride,4,vLess-DILI-Concern,C1CN(CCN1CCOCC(=O)O)[C@H](C2=CC=CC=C2)C3=CC=C(C=C3)Cl
LT01072,levothyroxine,3,vLess-DILI-Concern,C1=C(C=C(C(=C1I)OC2=CC(=C(C(=C2)I)O)I)I)C[C@@H](C(=O)O)N
LT01077,linezolid,3,vLess-DILI-Concern,CC(=O)NC[C@H]1CN(C(=O)O1)C2=CC(=C(C=C2)N3CCOCC3)F
LT01492,lisinopril,3,vLess-DILI-Concern,C1C[C@H](N(C1)C(=O)[C@H](CCCCN)N[C@@H](CCC2=CC=CC=C2)C(=O)O)C(=O)O
LT01497,loracarbef,3,vLess-DILI-Concern,C1CC(=C(N2C1C(C2=O)NC(=O)C(C3=CC=CC=C3)N)C(=O)O)Cl
LT01499,losartan,4,vLess-DILI-Concern,CCCCC1=NC(=C(N1CC2=CC=C(C=C2)C3=CC=CC=C3C4=NNN=N4)CO)Cl
LT01514,mefloquine,7,vLess-DILI-Concern,C1CCNC(C1)C(C2=CC(=NC3=C2C=CC=C3C(F)(F)F)C(F)(F)F)O
LT01517,melphalan,5,vLess-DILI-Concern,C1=CC(=CC=C1CC(C(=O)O)N)N(CCCl)CCCl
LT01908,memantine,7,vLess-DILI-Concern,CC12CC3CC(C1)(CC(C3)(C2)N)C
LT00414,mesalazine,7,vLess-DILI-Concern,C1=CC(=C(C=C1N)C(=O)O)O
LT00841,metaxalone,5,vLess-DILI-Concern,CC1=CC(=CC(=C1)OCC2CNC(=O)O2)C
LT01532,methazolamide,7,vLess-DILI-Concern,CC(=O)N=C1N(N=C(S1)S(=O)(=O)N)C
LT01545,methylphenidate,3,vLess-DILI-Concern,COC(=O)C(C1CCCCN1)C2=CC=CC=C2
LT00478,methylprednisolone,3,vLess-DILI-Concern,C[C@H]1C[C@H]2[C@@H]3CC[C@@]([C@]3(C[C@@H]([C@@H]2[C@@]4(C1=CC(=O)C=C4)C)O)C)(C(=O)CO)O
LT01549,metoclopramide,5,vLess-DILI-Concern,CCN(CC)CCNC(=O)C1=CC(=C(C=C1OC)N)Cl
LT00309,metoprolol,5,vLess-DILI-Concern,CC(C)NCC(COC1=CC=C(C=C1)CCOC)O
LT02007,montelukast,3,vLess-DILI-Concern,CC(C)(C1=CC=CC=C1CC[C@H](C2=CC=CC(=C2)/C=C/C3=NC4=C(C=CC(=C4)Cl)C=C3)SCC5(CC5)CC(=O)O)O
LT02008,moxifloxacin,8,vLess-DILI-Concern,COC1=C2C(=CC(=C1N3C[C@@H]4CCCN[C@@H]4C3)F)C(=O)C(=CN2C5CC5)C(=O)O
LT01288,mycophenolate mofetil,3,vLess-DILI-Concern,CC1=C(C(=C(C2=C1COC2=O)O)C/C=C(\C)/CCC(=O)OCCN3CCOCC3)OC
LT01233,nelarabine,4,vLess-DILI-Concern,COC1=NC(=NC2=C1N=CN2[C@H]3[C@H]([C@@H]([C@H](O3)CO)O)O)N
LT01012,nelfinavir,3,vLess-DILI-Concern,CC1=C(C=CC=C1O)C(=O)N[C@@H](CSC2=CC=CC=C2)[C@@H](CN3C[C@H]4CCCC[C@H]4C[C@H]3C(=O)NC(C)(C)C)O
LT00315,nizatidine,5,vLess-DILI-Concern,CN/C(=C\[N+](=O)[O-])/NCCSCC1=CSC(=N1)CN(C)C
LT00259,olanzapine,3,vLess-DILI-Concern,CC1=CC2=C(NC3=CC=CC=C3N=C2S1)N4CCN(CC4)C
LT00126,olsalazine,8,vLess-DILI-Concern,C1=CC(=C(C=C1N/N=C\2/C=CC(=O)C(=C2)C(=O)O)C(=O)O)O
LT00206,omeprazole,4,vLess-DILI-Concern,CC1=CN=C(C(=C1OC)C)CS(=O)C2=NC3=C(N2)C=C(C=C3)OC
LT01619,ondansetron,7,vLess-DILI-Concern,CC1=NC=CN1CC2CCC3=C(C2=O)C4=CC=CC=C4N3C
LT00430,paclitaxel,4,vLess-DILI-Concern,CC1=C2[C@H](C(=O)[C@@]3([C@H](C[C@@H]4[C@]([C@H]3[C@@H]([C@@](C2(C)C)(C[C@@H]1OC(=O)[C@@H]([C@H](C5=CC=CC=C5)NC(=O)C6=CC=CC=C6)O)O)OC(=O)C7=CC=CC=C7)(CO4)OC(=O)C)O)C)OC(=O)C
LT00606,pantoprazole,3,vLess-DILI-Concern,COC1=C(C(=NC=C1)CS(=O)C2=NC3=C(N2)C=C(C=C3)OC(F)F)OC
LT00128,paroxetine,8,vLess-DILI-Concern,C1CNC[C@H]([C@@H]1C2=CC=C(C=C2)F)COC3=CC4=C(C=C3)OCO4
LT01322,pegaspargase,3,vLess-DILI-Concern,CC1=CC(=C(C=C1)C(=O)C(=C)CN(C)C)C
LT01646,penicillin g,3,vLess-DILI-Concern,CC1([C@@H](N2[C@H](S1)[C@@H](C2=O)NC(=O)CC3=CC=CC=C3)C(=O)O)C
LT01657,phenelzine,3,vLess-DILI-Concern,C1=CC=C(C=C1)CCNN
LT00612,prednisolone,3,vLess-DILI-Concern,C[C@]12C[C@@H]([C@H]3[C@H]([C@@H]1CC[C@@]2(C(=O)CO)O)CCC4=CC(=O)C=C[C@]34C)O
LT00180,prednisone,3,vLess-DILI-Concern,C[C@]12CC(=O)[C@H]3[C@H]([C@@H]1CC[C@@]2(C(=O)CO)O)CCC4=CC(=O)C=C[C@]34C
LT01699,procainamide,4,vLess-DILI-Concern,CCN(CC)CCNC(=O)C1=CC=C(C=C1)N
LT00437,prochlorperazine,2,vLess-DILI-Concern,CN1CCN(CC1)CCCN2C3=CC=CC=C3SC4=C2C=C(C=C4)Cl
LT00192,progesterone,2,vLess-DILI-Concern,CC(=O)[C@H]1CC[C@@H]2[C@@]1(CC[C@H]3[C@H]2CCC4=CC(=O)CC[C@]34C)C
LT00205,promethazine,5,vLess-DILI-Concern,CC(CN1C2=CC=CC=C2SC3=CC=CC=C31)N(C)C
LT01705,propafenone,3,vLess-DILI-Concern,CCCNCC(COC1=CC=CC=C1C(=O)CCC2=CC=CC=C2)O
LT01708,propofol,3,vLess-DILI-Concern,CC(C)C1=C(C(=CC=C1)C(C)C)O
LT00083,propoxyphene,3,vLess-DILI-Concern,CCC(=O)OC(CC1=CC=CC=C1)(C2=CC=CC=C2)C(C)CN(C)C
LT01723,quinapril,3,vLess-DILI-Concern,CCOC(=O)[C@H](CCC1=CC=CC=C1)N[C@@H](C)C(=O)N2CC3=CC=CC=C3C[C@H]2C(=O)O
LT01725,quinidine,3,vLess-DILI-Concern,COC1=CC2=C(C=CN=C2C=C1)[C@@H]([C@H]3C[C@@H]4CCN3C[C@@H]4C=C)O
LT00264,rabeprazole,3,vLess-DILI-Concern,CC1=C(C=CN=C1CS(=O)C2=NC3=CC=CC=C3N2)OCCCOC
LT01726,ramipril,7,vLess-DILI-Concern,CCOC(=O)[C@H](CCC1=CC=CC=C1)N[C@@H](C)C(=O)N2[C@H]3CCC[C@H]3C[C@H]2C(=O)O
LT00138,ranitidine,5,vLess-DILI-Concern,CN/C(=C\[N+](=O)[O-])/NCCSCC1=CC=C(O1)CN(C)C
LT00987,remifentanil,3,vLess-DILI-Concern,CCC(=O)N(C1=CC=CC=C1)C2(CCN(CC2)CCC(=O)OC)C(=O)OC
LT01002,repaglinide,5,vLess-DILI-Concern,CCOC1=C(C=CC(=C1)CC(=O)N[C@@H](CC(C)C)C2=CC=CC=C2N3CCCCC3)C(=O)O
LT00139,rifabutin,5,vLess-DILI-Concern,C[C@H]1/C=C/C=C(\C(=O)NC2=C3C(=NC4(N3)CCN(CC4)CC(C)C)C5=C6C(=C(C(=C5C2=O)O)C)O[C@@](C6=O)(O/C=C/[C@@H]([C@H]([C@H]([C@@H]([C@@H]([C@@H]([C@H]1O)C)O)C)OC(=O)C)C)OC)C)/C
LT01735,risperidone,3,vLess-DILI-Concern,CC1=C(C(=O)N2CCCCC2=N1)CCN3CCC(CC3)C4=NOC5=C4C=CC(=C5)F
LT01016,rivastigmine,3,vLess-DILI-Concern,CCN(C)C(=O)OC1=CC=CC(=C1)[C@H](C)N(C)C
LT00990,ropinirole,4,vLess-DILI-Concern,CCCN(CCC)CCC1=C2CC(=O)NC2=CC=C1
LT00625,sertraline,3,vLess-DILI-Concern,CN[C@H]1CC[C@H](C2=CC=CC=C12)C3=CC(=C(C=C3)Cl)Cl
LT00988,sibutramine,4,vLess-DILI-Concern,CC(C)CC(C1(CCC1)C2=CC=C(C=C2)Cl)N(C)C
LT01033,sildenafil,3,vLess-DILI-Concern,CCCC1=NN(C2=C1NC(=NC2=O)C3=C(C=CC(=C3)S(=O)(=O)N4CCN(CC4)C)OCC)C
LT00443,sirolimus,8,vLess-DILI-Concern,C[C@@H]1CC[C@H]2C[C@@H](/C(=C/C=C/C=C/[C@H](C[C@H](C(=O)[C@@H]([C@@H](/C(=C/[C@H](C(=O)C[C@H](OC(=O)[C@@H]3CCCCN3C(=O)C(=O)[C@@]1(O2)O)[C@H](C)CC4CC[C@H]([C@@H](C4)OC)O)C)/C)O)OC)C)C)/C)OC
LT01251,sitagliptin,4,vLess-DILI-Concern,C1CN2C(=NN=C2C(F)(F)F)CN1C(=O)C[C@@H](CC3=CC(=C(C=C3F)F)F)N
LT00143,spironolactone,2,vLess-DILI-Concern,CC(=O)S[C@@H]1CC2=CC(=O)CC[C@@]2([C@@H]3[C@@H]1[C@@H]4CC[C@]5([C@]4(CC3)C)CCC(=O)O5)C
LT00146,sulfadiazine,3,vLess-DILI-Concern,C1=CN=C(N=C1)NS(=O)(=O)C2=CC=C(C=C2)N
LT00448,tacrolimus,5,vLess-DILI-Concern,C[C@@H]1C[C@@H]([C@@H]2[C@H](C[C@H]([C@@](O2)(C(=O)C(=O)N3CCCC[C@H]3C(=O)O[C@@H]([C@@H]([C@H](CC(=O)[C@@H](C=C(C1)C)CC=C)O)C)C(=C[C@@H]4CC[C@H]([C@@H](C4)OC)O)C)O)C)OC)OC
LT02063,telmisartan,3,vLess-DILI-Concern,CCCC1=NC2=C(C=C(C=C2N1CC3=CC=C(C=C3)C4=CC=CC=C4C(=O)O)C5=NC6=CC=CC=C6N5C)C
LT00153,temozolomide,4,vLess-DILI-Concern,CN1C(=O)N2C=NC(=C2N=N1)C(=O)N
LT00877,terbutaline,3,vLess-DILI-Concern,CC(C)(C)NCC(C1=CC(=CC(=C1)O)O)O
LT00450,thalidomide,4,vLess-DILI-Concern,C1CC(=O)NC(=O)C1N2C(=O)C3=CC=CC=C3C2=O
LT00451,thioridazine,5,vLess-DILI-Concern,CN1CCCCC1CCN2C3=CC=CC=C3SC4=C2C=C(C=C4)SC
LT00637,tinidazole,3,vLess-DILI-Concern,CCS(=O)(=O)CCN1C(=NC=C1[N+](=O)[O-])C
LT00266,tolazamide,2,vLess-DILI-Concern,CC1=CC=C(C=C1)S(=O)(=O)NC(=O)NN2CCCCCC2
LT01820,tolmetin,3,vLess-DILI-Concern,CC1=CC=C(C=C1)C(=O)C2=CC=C(N2C)CC(=O)O
LT00455,topiramate,3,vLess-DILI-Concern,CC1(O[C@@H]2CO[C@@]3([C@H]([C@@H]2O1)OC(O3)(C)C)COS(=O)(=O)N)C
LT01828,trandolapril,4,vLess-DILI-Concern,CCOC(=O)[C@H](CCC1=CC=CC=C1)N[C@@H](C)C(=O)N2[C@H]3CCCC[C@@H]3C[C@H]2C(=O)O
LT01829,tranylcypromine,3,vLess-DILI-Concern,C1[C@H](C1C2=CC=CC=C2)N
LT01830,trazodone,5,vLess-DILI-Concern,C1CN(CCN1CCCN2C(=O)N3C=CC=CC3=N2)C4=CC(=CC=C4)Cl
LT01833,triamterene,5,vLess-DILI-Concern,C1=CC=C(C=C1)C2=NC3=C(N=C2N)N=C(N=C3N)N
LT01842,trimethoprim,4,vLess-DILI-Concern,COC1=CC(=CC(=C1OC)OC)CC2=CN=C(N=C2N)N
LT00460,triptorelin pamoate,3,vLess-DILI-Concern,CC(C)CC(C(=O)NC(CCCN=C(N)N)C(=O)N1CCCC1C(=O)NCC(=O)N)NC(=O)C(CC2=CNC3=CC=CC=C32)NC(=O)C(CC4=CC=C(C=C4)O)NC(=O)C(CO)NC(=O)C(CC5=CNC6=CC=CC=C65)NC(=O)C(CC7=CN=CN7)NC(=O)C8CCC(=O)N8
LT01856,valaciclovir,3,vLess-DILI-Concern,CC(C)[C@@H](C(=O)OCCOCN1C=NC2=C1NC(=NC2=O)N)N
LT01857,valsartan,3,vLess-DILI-Concern,CCCCC(=O)N(CC1=CC=C(C=C1)C2=CC=CC=C2C3=NNN=N3)[C@@H](C(C)C)C(=O)O
LT01242,varenicline,2,vLess-DILI-Concern,C1[C@@H]2CNC[C@H]1C3=CC4=NC=CN=C4C=C23
LT00174,venlafaxine,7,vLess-DILI-Concern,CN(C)CC(C1=CC=C(C=C1)OC)C2(CCCCC2)O
LT01862,vincristine,8,vLess-DILI-Concern,CC[C@@]1(C[C@@H]2C[C@@](C3=C(CCN(C2)C1)C4=CC=CC=C4N3)(C5=C(C=C6C(=C5)[C@]78CCN9[C@H]7[C@@](C=CC9)([C@H]([C@@]([C@@H]8N6C=O)(C(=O)OC)O)OC(=O)C)CC)OC)C(=O)OC)O
LT00647,warfarin,5,vLess-DILI-Concern,CC(=O)CC(C1=CC=CC=C1)C2=C(OC3=CC=CC=C3C2=O)O
LT01017,ziprasidone,3,vLess-DILI-Concern,C1CN(CCN1CCC2=C(C=C3C(=C2)CC(=O)N3)Cl)C4=NSC5=CC=CC=C54
LT00165,zonisamide,2,vLess-DILI-Concern,C1=CC=C2C(=C1)C(=NO2)CS(=O)(=O)N
LT01853,aceclofenac,0,vLess-DILI-Concern,C1=CC=C(C(=C1)CC(=O)OCC(=O)O)NC2=C(C=CC=C2Cl)Cl
LT00980,alendronate,0,vLess-DILI-Concern,C(CC(O)(P(=O)(O)O)P(=O)(O)O)CN
LT01244,aliskiren,0,vLess-DILI-Concern,CC(C)[C@@H](CC1=CC(=C(C=C1)OC)OCCCOC)C[C@@H]([C@H](C[C@@H](C(C)C)C(=O)NCC(C)(C)C(=O)N)O)N
LT02100,amphetamine,0,vLess-DILI-Concern,CC(CC1=CC=CC=C1)N
LT00053,aspirin,0,vLess-DILI-Concern,CC(=O)OC1=CC=CC=C1C(=O)O
LT00800,benzonatate,0,vLess-DILI-Concern,CCCCNC1=CC=C(C=C1)C(=O)OCCOCCOCCOCCOCCOCCOCCOCCOCCOC
LT00066,chlorcyclizine,0,vLess-DILI-Concern,CN1CCN(CC1)C(C2=CC=CC=C2)C3=CC=C(C=C3)Cl
LT00386,deferoxamine,0,vLess-DILI-Concern,CC(=O)N(CCCCCNC(=O)CCC(=O)N(CCCCCNC(=O)CCC(=O)N(CCCCCN)O)O)O
LT01968,entacapone,0,vLess-DILI-Concern,CCN(CC)C(=O)/C(=C/C1=CC(=C(C(=C1)O)O)[N+](=O)[O-])/C#N
LT00167,finasteride,0,vLess-DILI-Concern,C[C@]12CC[C@H]3[C@H]([C@@H]1CC[C@@H]2C(=O)NC(C)(C)C)CC[C@@H]4[C@@]3(C=CC(=O)N4)C
LT01029,fluorouracil,0,vLess-DILI-Concern,C1=C(C(=O)NC(=O)N1)F
LT00658,fospropofol,0,vLess-DILI-Concern,CC(C)C1=C(C(=CC=C1)C(C)C)OCOP(=O)([O-])[O-].[Na+].[Na+]
LT00859,ketamine,0,vLess-DILI-Concern,CNC1(CCCCC1=O)C2=CC=CC=C2Cl
LT00119,metformin,0,vLess-DILI-Concern,CN(C)C(=N)N=C(N)N
LT00584,metronidazole,3,vLess-DILI-Concern,CC1=NC=C(N1CCO)[N+](=O)[O-]
LT00588,mitomycin,0,vLess-DILI-Concern,CC1=C(C(=O)C2=C(C1=O)N3C[C@H]4[C@@H]([C@@]3([C@@H]2COC(=O)N)OC)N4)N
LT00805,phentermine,0,vLess-DILI-Concern,CC(C)(CC1=CC=CC=C1)N
LT00665,prasugrel hydrochloride,0,vLess-DILI-Concern,CC(=O)OC1=CC2=C(S1)CCN(C2)C(C3=CC=CC=C3F)C(=O)C4CC4
LT01154,pregabalin,0,vLess-DILI-Concern,CC(C)C[C@@H](CC(=O)O)CN
LT01933,sulfamethizole,0,vLess-DILI-Concern,CC1=NN=C(S1)NS(=O)(=O)C2=CC=C(C=C2)N
LT00982,tamsulosin,0,vLess-DILI-Concern,CCOC1=CC=CC=C1OCCN[C@H](C)CC2=CC(=C(C=C2)OC)S(=O)(=O)N
LT00161,vancomycin,0,vLess-DILI-Concern,C[C@H]1[C@H]([C@@](C[C@@H](O1)O[C@@H]2[C@H]([C@@H]([C@H](O[C@H]2OC3=C4C=C5C=C3OC6=C(C=C(C=C6)[C@H](C(C(=O)N[C@H](C(=O)N[C@H]5C(=O)N[C@@H]7C8=CC(=C(C=C8)O)C9=C(C=C(C=C9[C@@H](NC(=O)[C@H]([C@@H](C1=CC(=C(O4)C=C1)Cl)O)NC7=O)C(=O)O)O)O)CC(=O)N)NC(=O)[C@@H](CC(C)C)NC)O)Cl)CO)O)O)(C)N)O
LT01088,zoledronate,0,vLess-DILI-Concern,C1=CN(C=N1)CC(O)(P(=O)(O)O)P(=O)(O)O
LT02096,acetylcholine chloride,0,vNo-DILI-Concern,CC(=O)OCC[N+](C)(C)C
LT01041,acetylcysteine,0,vNo-DILI-Concern,CC(=O)N[C@@H](CS)C(=O)O
LT01047,adenosine,0,vNo-DILI-Concern,C1=NC2=C(C(=N1)N)N=CN2[C@H]3[C@@H]([C@@H]([C@H](O3)CO)O)O
LT00925,alfentanil,0,vNo-DILI-Concern,CCC(=O)N(C1=CC=CC=C1)C2(CCN(CC2)CCN3C(=O)N(N=N3)CC)COC
LT01053,almotriptan,0,vNo-DILI-Concern,CN(C)CCC1=CNC2=C1C=C(C=C2)CS(=O)(=O)N3CCCC3
LT01215,alvimopan,0,vNo-DILI-Concern,C[C@H]1CN(CC[C@@]1(C)C2=CC(=CC=C2)O)C[C@H](CC3=CC=CC=C3)C(=O)NCC(=O)O
LT01629,ambenonium,0,vNo-DILI-Concern,CC[N+](CC)(CCNC(=O)C(=O)NCC[N+](CC)(CC)CC1=CC=CC=C1Cl)CC2=CC=CC=C2Cl
LT01067,amifostine,0,vNo-DILI-Concern,C(CN)CNCCSP(=O)(O)O
LT01068,amikacin,0,vNo-DILI-Concern,C1[C@@H]([C@H]([C@@H]([C@H]([C@@H]1NC(=O)[C@H](CCN)O)O[C@@H]2[C@@H]([C@H]([C@@H]([C@H](O2)CO)O)N)O)O)O[C@@H]3[C@@H]([C@H]([C@@H]([C@H](O3)CN)O)O)O)N
LT01071,aminocaproic acid,0,vNo-DILI-Concern,C(CCC(=O)O)CCN
LT00054,aminohippurate,0,vNo-DILI-Concern,C1=CC(=CC=C1C(=O)NCC(=O)O)N
LT00711,aminophylline,0,vNo-DILI-Concern,CN1C2=C(C(=O)N(C1=O)C)NC=N2.CN1C2=C(C(=O)N(C1=O)C)NC=N2.C(CN)N
LT02067,ammonium chloride,0,vNo-DILI-Concern,[NH4+].[Cl-]
LT02217,apomorphine,0,vNo-DILI-Concern,CN1CCC2=CC=CC3=C2[C@H]1CC4=C3C(=C(C=C4)O)O
LT01030,argatroban,0,vNo-DILI-Concern,C[C@@H]1CCN([C@H](C1)C(=O)O)C(=O)[C@H](CCCN=C(N)N)NS(=O)(=O)C2=CC=CC3=C2NC[C@@H](C3)C
LT02331,Argipressin,0,vNo-DILI-Concern,C1CC(N(C1)C(=O)C2CSSCC(C(=O)NC(C(=O)NC(C(=O)NC(C(=O)NC(C(=O)N2)CC(=O)N)CCC(=O)N)CC3=CC=CC=C3)CC4=CC=C(C=C4)O)N)C(=O)NC(CCCN=C(N)N)C(=O)NCC(=O)N
LT00917,atracurium,0,vNo-DILI-Concern,C[N+]1(CCC2=CC(=C(C=C2C1CC3=CC(=C(C=C3)OC)OC)OC)OC)CCC(=O)OCCCCCOC(=O)CC[N+]4(CCC5=CC(=C(C=C5C4CC6=CC(=C(C=C6)OC)OC)OC)OC)C
LT00511,atropine,0,vNo-DILI-Concern,CN1[C@@H]2CC[C@H]1CC(C2)OC(=O)C(CO)C3=CC=CC=C3
LT02059,bacitracin,0,vNo-DILI-Concern,CCC(C)[C@H]1C(=O)N[C@@H](C(=O)N[C@H](C(=O)N[C@@H](C(=O)N[C@H](C(=O)NCCCC[C@@H](C(=O)N[C@@H](C(=O)N1)CCCN)NC(=O)[C@H](C(C)CC)NC(=O)[C@@H](CCC(=O)O)NC(=O)[C@H](CC(C)C)NC(=O)C2CN=C(S2)[C@H](C(C)CC)N)CC(=O)N)CC(=O)O)CC3=CN=CN3)CC4=CC=CC=C4
LT00659,bendamustine,0,vNo-DILI-Concern,CN1C2=C(C=C(C=C2)N(CCCl)CCCl)N=C1CCCC(=O)O
LT00832,benzphetamine,0,vNo-DILI-Concern,CC(CC1=CC=CC=C1)N(C)CC2=CC=CC=C2
LT01123,benztropine,0,vNo-DILI-Concern,CN1[C@@H]2CC[C@@H]1CC(C2)OC(C3=CC=CC=C3)C4=CC=CC=C4
LT01276,benzylpenicilloyl polylysine,0,vNo-DILI-Concern,CC1(C(NC(S1)C(C(=O)NCCCCCC(=O)O)NC(=O)CC2=CC=CC=C2)C(=O)O)C
LT02189,betaine,0,vNo-DILI-Concern,C[N+](C)(C)CC(=O)[O-]
LT00730,bethanechol,0,vNo-DILI-Concern,CC(C[N+](C)(C)C)OC(=O)N
LT00817,biperiden,0,vNo-DILI-Concern,C1CCN(CC1)CCC(C2CC3CC2C=C3)(C4=CC=CC=C4)O
LT02190,bisacodyl,0,vNo-DILI-Concern,CC(=O)OC1=CC=C(C=C1)C(C2=CC=C(C=C2)OC(=O)C)C3=CC=CC=N3
LT01027,bivalirudin,0,vNo-DILI-Concern,CC[C@H](C)[C@@H](C(=O)N1CCC[C@H]1C(=O)N[C@@H](CCC(=O)O)C(=O)N[C@@H](CCC(=O)O)C(=O)N[C@@H](CC2=CC=C(C=C2)O)C(=O)N[C@@H](CC(C)C)C(=O)O)NC(=O)[C@H](CCC(=O)O)NC(=O)[C@H](CCC(=O)O)NC(=O)[C@H](CC3=CC=CC=C3)NC(=O)[C@H](CC(=O)O)NC(=O)CNC(=O)[C@H](CC(=O)N)NC(=O)CNC(=O)CNC(=O)CNC(=O)CNC(=O)[C@@H]4CCCN4C(=O)[C@H](CCCNC(=N)N)NC(=O)[C@@H]5CCCN5C(=O)[C@@H](CC6=CC=CC=C6)N
LT02076,brompheniramine,0,vNo-DILI-Concern,CN(C)CCC(C1=CC=C(C=C1)Br)C2=CC=CC=N2
LT01144,budesonide,0,vNo-DILI-Concern,CCC[C@H]1O[C@@H]2C[C@H]3[C@@H]4CCC5=CC(=O)C=C[C@@]5([C@H]4[C@H](C[C@@]3([C@@]2(O1)C(=O)CO)C)O)C
LT01151,butorphanol,0,vNo-DILI-Concern,C1CC[C@]2([C@H]3CC4=C([C@]2(C1)CCN3CC5CCC5)C=C(C=C4)O)O
LT01152,cabergoline,0,vNo-DILI-Concern,CCNC(=O)N(CCCN(C)C)C(=O)[C@@H]1C[C@H]2[C@@H](CC3=CNC4=CC=CC2=C34)N(C1)CC=C
LT01888,caffeine,0,vNo-DILI-Concern,CN1C=NC2=C1C(=O)N(C(=O)N2C)C
LT00899,calcitriol,0,vNo-DILI-Concern,C[C@H](CCCC(C)(C)O)[C@H]1CC[C@@H]2[C@@]1(CCCC2=CC=C3C[C@H](C[C@@H](C3=C)O)O)C
LT00947,calcium acetate,0,vNo-DILI-Concern,CC(=O)[O-].CC(=O)[O-].[Ca+2]
LT00759,carbinoxamine,0,vNo-DILI-Concern,CN(C)CCOC(C1=CC=C(C=C1)Cl)C2=CC=CC=N2
LT00898,carboprost tromethamine,0,vNo-DILI-Concern,CCCCC[C@@](C)(/C=C/[C@H]1[C@@H](C[C@@H]([C@@H]1C/C=C/CCCC(=O)O)O)O)O
LT02037,carisoprodol,0,vNo-DILI-Concern,CCCC(C)(COC(=O)N)COC(=O)NC(C)C
LT01196,chloramphenicol,0,vNo-DILI-Concern,C1=CC(=CC=C1C(C(CO)NC(=O)C(Cl)Cl)O)[N+](=O)[O-]
LT00009,chlorpheniramine,0,vNo-DILI-Concern,CN(C)CCC(C1=CC=C(C=C1)Cl)C2=CC=CC=N2
LT01209,cinacalcet,0,vNo-DILI-Concern,C[C@H](C1=CC=CC2=CC=CC=C21)NCCCC3=CC(=CC=C3)C(F)(F)F
LT00978,cisatracurium besylate,0,vNo-DILI-Concern,C[N@@+]1(CCC2=CC(=C(C=C2[C@H]1CC3=CC(=C(C=C3)OC)OC)OC)OC)CCC(=O)OCCCCCOC(=O)CC[N@+]4(CCC5=CC(=C(C=C5[C@H]4CC6=CC(=C(C=C6)OC)OC)OC)OC)C.C1=CC=C(C=C1)S(=O)(=O)[O-].C1=CC=C(C=C1)S(=O)(=O)[O-]
LT02222,clemastine,0,vNo-DILI-Concern,C[C@@](C1=CC=CC=C1)(C2=CC=C(C=C2)Cl)OCC[C@H]3CCCN3C
LT00644,clevidipine,0,vNo-DILI-Concern,CCCC(=O)OCOC(=O)C1=C(NC(=C(C1C2=C(C(=CC=C2)Cl)Cl)C(=O)OC)C)C
LT01269,codeine,0,vNo-DILI-Concern,CN1CC[C@]23[C@@H]4[C@H]1CC5=C2C(=C(C=C5)OC)O[C@H]3[C@H](C=C4)O
LT01275,colistimethate,0,vNo-DILI-Concern,CCC(C)CCCCC(=O)NC(CCNCS(=O)(=O)[O-])C(=O)NC(C(C)O)C(=O)NC(CCNCS(=O)(=O)[O-])C(=O)NC1CCNC(=O)C(NC(=O)C(NC(=O)C(NC(=O)C(NC(=O)C(NC(=O)C(NC1=O)CCNCS(=O)(=O)[O-])CC(C)C)CC(C)C)CCNCS(=O)(=O)[O-])CCNCS(=O)(=O)[O-])C(C)O.[Na+].[Na+].[Na+].[Na+].[Na+]
LT01210,conivaptan,0,vNo-DILI-Concern,CC1=NC2=C(N1)CCN(C3=CC=CC=C32)C(=O)C4=CC=C(C=C4)NC(=O)C5=CC=CC=C5C6=CC=CC=C6
LT00438,corticorelin ovine triflutate,0,vNo-DILI-Concern,CC[C@H](C)[C@@H](C(=O)N[C@@H](CO)C(=O)N[C@@H](CC(C)C)C(=O)N[C@@H](CC(=O)O)C(=O)N[C@@H](CC(C)C)C(=O)N[C@@H]([C@@H](C)O)C(=O)N[C@@H](CC1=CC=CC=C1)C(=O)N[C@@H](CC2=CN=CN2)C(=O)N[C@@H](CC(C)C)C(=O)N[C@@H](CC(C)C)C(=O)N[C@@H](CCCNC(=N)N)C(=O)N[C@@H](CCC(=O)O)C(=O)N[C@@H](C(C)C)C(=O)N[C@@H](CC(C)C)C(=O)N[C@@H](CCC(=O)O)C(=O)N[C@@H](CCSC)C(=O)N[C@@H]([C@@H](C)O)C(=O)N[C@@H](CCCCN)C(=O)N[C@@H](C)C(=O)N[C@@H](CC(=O)O)C(=O)N[C@@H](CCC(=O)N)C(=O)N[C@@H](CC(C)C)C(=O)N[C@@H](C)C(=O)N[C@@H](CCC(=O)N)C(=O)N[C@@H](CCC(=O)N)C(=O)N[C@@H](C)C(=O)N[C@@H](CC3=CN=CN3)C(=O)N[C@@H](CO)C(=O)N[C@@H](CC(=O)N)C(=O)N[C@@H](CCCNC(=N)N)C(=O)N[C@@H](CCCCN)C(=O)N[C@@H](CC(C)C)C(=O)N[C@@H](CC(C)C)C(=O)N[C@@H](CC(=O)O)C(=O)N[C@@H]([C@@H](C)CC)C(=O)N[C@@H](C)C(=O)N)NC(=O)[C@@H]4CCCN4C(=O)[C@@H]5CCCN5C(=O)[C@H](CCC(=O)O)NC(=O)[C@H](CCC(=O)N)NC(=O)[C@H](CO)N
LT00077,corticotropin,0,vNo-DILI-Concern,CC[C@H](C)[C@@H](C(=O)N[C@@H](CO)C(=O)N[C@@H](CC(C)C)C(=O)N[C@@H](CC(=O)O)C(=O)N[C@@H](CC(C)C)C(=O)N[C@@H]([C@@H](C)O)C(=O)N[C@@H](CC1=CC=CC=C1)C(=O)N[C@@H](CC2=CN=CN2)C(=O)N[C@@H](CC(C)C)C(=O)N[C@@H](CC(C)C)C(=O)N[C@@H](CCCNC(=N)N)C(=O)N[C@@H](CCC(=O)O)C(=O)N[C@@H](C(C)C)C(=O)N[C@@H](CC(C)C)C(=O)N[C@@H](CCC(=O)O)C(=O)N[C@@H](CCSC)C(=O)N[C@@H](C)C(=O)N[C@@H](CCCNC(=N)N)C(=O)N[C@@H](C)C(=O)N[C@@H](CCC(=O)O)C(=O)N[C@@H](CCC(=O)N)C(=O)N[C@@H](CC(C)C)C(=O)N[C@@H](C)C(=O)N[C@@H](CCC(=O)N)C(=O)N[C@@H](CCC(=O)N)C(=O)N[C@@H](C)C(=O)N[C@@H](CC3=CN=CN3)C(=O)N[C@@H](CO)C(=O)N[C@@H](CC(=O)N)C(=O)N[C@@H](CCCNC(=N)N)C(=O)N[C@@H](CCCCN)C(=O)N[C@@H](CCSC)C(=O)N[C@@H](CC(C)C)C(=O)N[C@@H](CCC(=O)O)C(=O)N[C@@H]([C@@H](C)CC)C(=O)N[C@@H]([C@@H](C)CC)C(=O)O)NC(=O)[C@@H]4CCCN4C(=O)[C@@H]5CCCN5C(=O)[C@H](CCC(=O)O)NC(=O)[C@H](CCC(=O)O)NC(=O)[C@H](CO)N
LT00734,cortisone acetate,0,vNo-DILI-Concern,CC(=O)OCC(=O)[C@]1(CC[C@@H]2[C@@]1(CC(=O)[C@H]3[C@H]2CCC4=CC(=O)CC[C@]34C)C)O
LT00855,cosyntropin,0,vNo-DILI-Concern,CC(C)[C@@H](C(=O)NCC(=O)N[C@H](CCCCN)C(=O)N[C@H](CCCCN)C(=O)N[C@H](CCCNC(=N)N)C(=O)N[C@H](CCCNC(=N)N)C(=O)N1CCC[C@H]1C(=O)N[C@@H](C(C)C)C(=O)N[C@@H](CCCCN)C(=O)N[C@@H](C(C)C)C(=O)N[C@@H](CC2=CC=C(C=C2)O)C(=O)N3CCC[C@H]3C(=O)O)NC(=O)[C@@H]4CCCN4C(=O)[C@H](CCCCN)NC(=O)CNC(=O)[C@H](CC5=CNC6=CC=CC=C65)NC(=O)[C@H](CCCNC(=N)N)NC(=O)[C@H](CC7=CC=CC=C7)NC(=O)[C@H](CC8=CNC=N8)NC(=O)[C@H](CCC(=O)O)NC(=O)[C@H](CCSC)NC(=O)[C@H](CO)NC(=O)[C@H](CC9=CC=C(C=C9)O)NC(=O)C(CO)N
LT00361,cupric chloride,0,vNo-DILI-Concern,Cl[Cu]Cl
LT02002,cyanocobalamin,0,vNo-DILI-Concern,CC1=CC2=C(C=C1C)N(C=N2)[C@@H]3C(C([C@@H](O3)CO)OP(=O)(O)OC(C)CNC(=O)CC[C@@]\4([C@H](C5[C@]6([C@@]([C@@H](C(=N6)/C(=C\7/[C@@]([C@@H](C(=N7)/C=C\8/C([C@@H](C(=N8)/C(=C4\[N-]5)/C)CCC(=O)N)(C)C)CCC(=O)N)(C)CC(=O)N)/C)CCC(=O)N)(C)CC(=O)N)C)CC(=O)N)C)O.[C-]#N.[Co+3]
LT01188,darifenacin,0,vNo-DILI-Concern,C1CN(C[C@@H]1C(C2=CC=CC=C2)(C3=CC=CC=C3)C(=O)N)CCC4=CC5=C(C=C4)OCC5
LT00540,daunorubicin,0,vNo-DILI-Concern,C[C@H]1[C@H]([C@H](C[C@@H](O1)O[C@H]2C[C@@](CC3=C(C4=C(C(=C23)O)C(=O)C5=C(C4=O)C=CC=C5OC)O)(C(=O)C)O)N)O
LT00810,dexbrompheniramine,0,vNo-DILI-Concern,CN(C)CC[C@@H](C1=CC=C(C=C1)Br)C2=CC=CC=N2
LT00682,dexchlorpheniramine,0,vNo-DILI-Concern,CN(C)CC[C@@H](C1=CC=C(C=C1)Cl)C2=CC=CC=N2
LT01972,dexpanthenol,0,vNo-DILI-Concern,CC(C)(CO)C(C(=O)NCCCO)O
LT00870,dextroamphetamine,0,vNo-DILI-Concern,C[C@@H](CC1=CC=CC=C1)N
LT02056,dextromethorphan,0,vNo-DILI-Concern,CN1CC[C@@]23CCCC[C@@H]2[C@@H]1CC4=C3C=C(C=C4)OC
LT00327,dextrose,0,vNo-DILI-Concern,C([C@@H]1[C@H]([C@@H]([C@H](C(O1)O)O)O)O)O
LT00774,diatrizoate,0,vNo-DILI-Concern,CC(=O)NC1=C(C(=C(C(=C1I)C(=O)O)I)NC(=O)C)I
LT00802,dichlorphenamide,0,vNo-DILI-Concern,C1=C(C=C(C(=C1S(=O)(=O)N)Cl)Cl)S(=O)(=O)N
LT00737,dicyclomine,0,vNo-DILI-Concern,CCN(CC)CCOC(=O)C1(CCCCC1)C2CCCCC2
LT00806,diethylpropion,0,vNo-DILI-Concern,CCN(CC)C(C)C(=O)C1=CC=CC=C1
LT00292,digoxin,0,vNo-DILI-Concern,C[C@@H]1[C@H]([C@H](C[C@@H](O1)O[C@@H]2[C@H](O[C@H](C[C@@H]2O)O[C@@H]3[C@H](O[C@H](C[C@@H]3O)O[C@H]4CC[C@]5([C@@H](C4)CC[C@@H]6[C@@H]5C[C@H]([C@]7([C@@]6(CCC7C8=CC(=O)OC8)O)C)O)C)C)C)O)O
LT02218,dihydroergotamine,0,vNo-DILI-Concern,C[C@@]1(C(=O)N2[C@H](C(=O)N3CCC[C@H]3[C@@]2(O1)O)CC4=CC=CC=C4)NC(=O)[C@@H]5C[C@H]6[C@@H](CC7=CNC8=CC=CC6=C78)N(C5)C
LT00545,dimenhydrinate,0,vNo-DILI-Concern,CN1C(=C2C(=NC(=N2)Cl)N(C1=O)C)[O-].C[NH+](C)CCOC(C1=CC=CC=C1)C2=CC=CC=C2
LT00074,dimercaprol,0,vNo-DILI-Concern,C(C(CS)S)O
LT00087,diphenhydramine,0,vNo-DILI-Concern,CN(C)CCOC(C1=CC=CC=C1)C2=CC=CC=C2
LT01623,diphenoxylate,0,vNo-DILI-Concern,CCOC(=O)C1(CCN(CC1)CCC(C#N)(C2=CC=CC=C2)C3=CC=CC=C3)C4=CC=CC=C4
LT01308,dobutamine,0,vNo-DILI-Concern,CC(CCC1=CC=C(C=C1)O)NCCC2=CC(=C(C=C2)O)O
LT01040,dofetilide,0,vNo-DILI-Concern,CN(CCC1=CC=C(C=C1)NS(=O)(=O)C)CCOC2=CC=C(C=C2)NS(=O)(=O)C
LT00015,dopamine,0,vNo-DILI-Concern,C1=CC(=C(C=C1CCN)O)O
LT00547,doxapram,0,vNo-DILI-Concern,CCN1CC(C(C1=O)(C2=CC=CC=C2)C3=CC=CC=C3)CCN4CCOCC4
LT00727,doxylamine,0,vNo-DILI-Concern,CC(C1=CC=CC=C1)(C2=CC=CC=N2)OCCN(C)C
LT01317,droperidol,0,vNo-DILI-Concern,C1CN(CC=C1N2C3=CC=CC=C3NC2=O)CCCC(=O)C4=CC=C(C=C4)F
LT01112,dutasteride,0,vNo-DILI-Concern,C[C@]12CCC3[C@H]([C@@H]1CC[C@@H]2C(=O)NC4=C(C=CC(=C4)C(F)(F)F)C(F)(F)F)CC[C@@H]5[C@@]3(C=CC(=O)N5)C
LT00740,dyphylline,0,vNo-DILI-Concern,CN1C2=C(C(=O)N(C1=O)C)N(C=N2)CC(CO)O
LT00683,ecallantide,0,vNo-DILI-Concern,CC[C@H](C)[C@H]1C(=O)N[C@H](C(=O)NCC(=O)NCC(=O)N[C@H]2CSSC[C@H]3C(=O)N[C@H](C(=O)N[C@H](C(=O)N[C@H](C(=O)N[C@H](C(=O)N4CCC[C@H]4C(=O)N[C@H](C(=O)N[C@H](C(=O)N[C@H](C(=O)N[C@H](C(=O)N[C@H](C(=O)N[C@H](C(=O)N[C@H](C(=O)N[C@H](C(=O)N[C@H](C(=O)N[C@H](C(=O)N[C@@H](CSSC[C@@H](C(=O)N[C@H](C(=O)N[C@H](C(=O)N[C@H](C(=O)N[C@@H](CSSC[C@@H](C(=O)N[C@H](C(=O)N[C@H](C(=O)N[C@H](C(=O)N[C@H](C(=O)N[C@H](C(=O)N[C@H](C(=O)NCC(=O)N5CCC[C@H]5C(=O)N3)CC(=O)O)CC(=O)O)C)CCCCN)CC6=CC=CC=C6)C)NC(=O)[C@H](CC7=CC=CC=C7)NC(=O)[C@H](CO)NC(=O)[C@H](CC8=CN=CN8)NC(=O)[C@H](CCSC)NC(=O)[C@H](C)NC(=O)[C@H](CCC(=O)O)N)C(=O)N[C@@H]([C@H](C)O)C(=O)N[C@@H](CCCNC(=N)N)C(=O)N[C@@H](CC(=O)O)C(=O)O)CCSC)CCCCN)CCCCN)NC(=O)[C@@H](NC(=O)[C@@H](NC(=O)[C@@H](NC(=O)[C@@H](NC(=O)[C@@H](NC(=O)[C@@H](NC(=O)[C@@H](NC(=O)[C@@H](NC(=O)[C@@H](NC(=O)[C@@H](NC(=O)CNC(=O)[C@@H](NC2=O)CCC(=O)O)CC(=O)N)CCC(=O)N)CC(=O)N)CCCNC(=N)N)CC9=CC=CC=C9)CCC(=O)O)CO)CC(C)C)CCC(=O)O)CCC(=O)O)C(=O)N[C@H](C(=O)N[C@H](C(=O)N[C@H](C(=O)N1)CC1=CC=CC=C1)CCC(=O)O)CCC(=O)O)CCC(=O)N)CCCNC(=N)N)[C@H](C)O)CC1=CC=CC=C1)[C@@H](C)CC)CC(=O)N)CC1=CC=CC=C1)CC1=CC=CC=C1)CC1=CNC2=CC=CC=C21)CCCNC(=N)N)CC1=CN=CN1)C)C)CCCNC(=N)N)CC1=CC=C(C=C1)O
LT02093,edrophonium,0,vNo-DILI-Concern,CC[N+](C)(C)C1=CC(=CC=C1)O
LT01666,ephedrine,0,vNo-DILI-Concern,C[C@@H]([C@@H](C1=CC=CC=C1)O)NC
LT00742,epinephrine,0,vNo-DILI-Concern,CNC[C@@H](C1=CC(=C(C=C1)O)O)O
LT01316,epoetin alfa,0,vNo-DILI-Concern,C1=CC=C(C=C1)CC(CC(=O)CNC(=O)C2=CC=CC=C2)C(=O)O
LT00999,eptifibatide,0,vNo-DILI-Concern,C1CC2C(=O)NC(CSSCCC(=O)NC(C(=O)NCC(=O)NC(C(=O)NC(C(=O)N2C1)CC3=CNC4=CC=CC=C43)CC(=O)O)CCCCN=C(N)N)C(=O)N
LT00194,ergocalciferol,0,vNo-DILI-Concern,C[C@H](/C=C/[C@H](C)C(C)C)[C@H]1CC[C@@H]\2[C@@]1(CCC/C2=C\C=C/3\C[C@H](CCC3=C)O)C
LT01333,esmolol,0,vNo-DILI-Concern,CC(C)NCC(COC1=CC=C(C=C1)CCC(=O)OC)O
LT01334,estazolam,0,vNo-DILI-Concern,C1C2=NN=CN2C3=C(C=C(C=C3)Cl)C(=N1)C4=CC=CC=C4
LT00926,ethanolamine oleate,0,vNo-DILI-Concern,CCCCCCCC/C=C/CCCCCCCC(=O)O.C(CO)N
LT01355,etidronic acid,0,vNo-DILI-Concern,CC(O)(P(=O)(O)O)P(=O)(O)O
LT01357,etomidate,0,vNo-DILI-Concern,CCOC(=O)C1=CN=CN1C(C)C2=CC=CC=C2
LT02329,exametazime,0,vNo-DILI-Concern,C[C@@H](NCC(CN[C@@H](/C(=N/O)/C)C)(C)C)/C(=N/O)/C
LT00537,exenatide,0,vNo-DILI-Concern,CC[C@H](C)[C@@H](C(=O)N[C@@H](CCC(=O)O)C(=O)N[C@@H](CC1=CNC2=CC=CC=C21)C(=O)N[C@@H](CC(C)C)C(=O)N[C@@H](CCCCN)C(=O)N[C@@H](CC(=O)N)C(=O)NCC(=O)NCC(=O)N3CCC[C@H]3C(=O)N[C@@H](CO)C(=O)N[C@@H](CO)C(=O)NCC(=O)N[C@@H](C)C(=O)N4CCC[C@H]4C(=O)N5CCC[C@H]5C(=O)N6CCC[C@H]6C(=O)N[C@@H](CO)C(=O)N)NC(=O)[C@H](CC7=CC=CC=C7)NC(=O)[C@H](CC(C)C)NC(=O)[C@H](CCCNC(=N)N)NC(=O)[C@H](C(C)C)NC(=O)[C@H](C)NC(=O)[C@H](CCC(=O)O)NC(=O)[C@H](CCC(=O)O)NC(=O)[C@H](CCC(=O)O)NC(=O)[C@H](CCSC)NC(=O)[C@H](CCC(=O)N)NC(=O)[C@H](CCCCN)NC(=O)[C@H](CO)NC(=O)[C@H](CC(C)C)NC(=O)[C@H](CC(=O)O)NC(=O)[C@H](CO)NC(=O)[C@H]([C@@H](C)O)NC(=O)[C@H](CC8=CC=CC=C8)NC(=O)[C@H]([C@@H](C)O)NC(=O)CNC(=O)[C@H](CCC(=O)O)NC(=O)CNC(=O)[C@H](CC9=CN=CN9)N
LT00944,fenoldopam,0,vNo-DILI-Concern,C1CNCC(C2=CC(=C(C(=C21)Cl)O)O)C3=CC=C(C=C3)O
LT00650,ferumoxytol,0,vNo-DILI-Concern,O[Fe]=O.O[Fe]=O.[Fe]
LT00590,fesoterodine,0,vNo-DILI-Concern,CC(C)C(=O)OC1=C(C=C(C=C1)CO)[C@H](CCN(C(C)C)C(C)C)C2=CC=CC=C2.C(=C/C(=O)O)\C(=O)O
LT01370,fexofenadine,0,vNo-DILI-Concern,CC(C)(C1=CC=C(C=C1)C(CCCN2CCC(CC2)C(C3=CC=CC=C3)(C4=CC=CC=C4)O)O)C(=O)O
LT00857,flavoxate,0,vNo-DILI-Concern,CC1=C(OC2=C(C1=O)C=CC=C2C(=O)OCCN3CCCCC3)C4=CC=CC=C4
LT01382,fludarabine,0,vNo-DILI-Concern,C1=NC2=C(N1[C@H]3[C@H]([C@@H]([C@H](O3)COP(=O)(O)O)O)O)N=C(N=C2N)F
LT00399,fludrocortisone,0,vNo-DILI-Concern,C[C@]12CCC(=O)C=C1CC[C@@H]3[C@@]2([C@H](C[C@]4([C@H]3CC[C@@]4(C(=O)CO)O)C)O)F
LT01384,flumazenil,0,vNo-DILI-Concern,CCOC(=O)C1=C2CN(C(=O)C3=C(N2C=N1)C=CC(=C3)F)C
LT00894,fluorescein,0,vNo-DILI-Concern,C1=CC=C2C(=C1)C(=O)OC23C4=C(C=C(C=C4)O)OC5=C3C=CC(=C5)O
LT01580,folic acid,0,vNo-DILI-Concern,C1=CC(=CC=C1C(=O)N[C@@H](CCC(=O)O)C(=O)O)NCC2=CN=C3C(=N2)C(=O)N=C(N3)N
LT01054,frovatriptan,0,vNo-DILI-Concern,CN[C@@H]1CCC2=C(C1)C3=C(N2)C=CC(=C3)C(=O)N
LT01127,gadobenate dimeglumine,0,vNo-DILI-Concern,CNC[C@@H]([C@H]([C@@H]([C@@H](CO)O)O)O)O.CNC[C@@H]([C@H]([C@@H]([C@@H](CO)O)O)O)O.C1=CC=C(C=C1)COCC(C(=O)[O-])N(CCN(CCN(CC(=O)O)CC(=O)[O-])CC(=O)[O-])CC(=O)O.[Gd+3]
LT00528,gadofosveset trisodium,0,vNo-DILI-Concern,C1CC(CCC1OP(=O)([O-])OC[C@@H](CN(CCN(CC(=O)[O-])CC(=O)[O-])CC(=O)[O-])N(CC(=O)[O-])CC(=O)[O-])(C2=CC=CC=C2)C3=CC=CC=C3.O.[Na+].[Na+].[Na+].[Gd+3]
LT00935,gadopentetate dimeglumine,0,vNo-DILI-Concern,CNC[C@@H]([C@H]([C@@H]([C@@H](CO)O)O)O)O.CNC[C@@H]([C@H]([C@@H]([C@@H](CO)O)O)O)O.C(CN(CC(=O)O)CC(=O)[O-])N(CCN(CC(=O)O)CC(=O)[O-])CC(=O)[O-].[Gd+3]
LT00952,gadoteridol,0,vNo-DILI-Concern,CC(CN1CCN(CCN(CCN(CC1)CC(=O)[O-])CC(=O)[O-])CC(=O)[O-])O.[Gd+3]
LT01044,gadoversetamide,0,vNo-DILI-Concern,COCCNC(=O)CN(CCN(CCN(CC(=O)NCCOC)CC(=O)[O-])CC(=O)[O-])CC(=O)[O-].[Gd+3]
LT00480,gamma hydroxybutyric acid,0,vNo-DILI-Concern,C(CC(=O)[O-])CO.[Na+]
LT00475,ganirelix acetate,0,vNo-DILI-Concern,CCNC(=NCCCC[C@H](C(=O)N[C@@H](CC(C)C)C(=O)N[C@@H](CCCCN=C(NCC)NCC)C(=O)N1CCC[C@H]1C(=O)N[C@H](C)C(=O)N)NC(=O)[C@H](CC2=CC=C(C=C2)O)NC(=O)[C@H](CO)NC(=O)[C@@H](CC3=CN=CC=C3)NC(=O)[C@@H](CC4=CC=C(C=C4)Cl)NC(=O)[C@@H](CC5=CC6=CC=CC=C6C=C5)NC(=O)C)NCC
LT00836,glycopyrrolate,0,vNo-DILI-Concern,C[N+]1(CCC(C1)OC(=O)C(C2CCCC2)(C3=CC=CC=C3)O)C
LT01100,guaifenesin,0,vNo-DILI-Concern,COC1=CC=CC=C1OCC(CO)O
LT00829,guanethidine,0,vNo-DILI-Concern,C1CCCN(CCC1)CCN=C(N)N
LT00706,histamine diphosphate,0,vNo-DILI-Concern,C1=C(NC=N1)CCN.OP(=O)(O)O.OP(=O)(O)O
LT00188,hydrocortisone,0,vNo-DILI-Concern,C[C@]12CCC(=O)C=C1CC[C@@H]3[C@@H]2[C@H](C[C@]4([C@H]3CC[C@@]4(C(=O)CO)O)C)O
LT01437,hydroxyzine,0,vNo-DILI-Concern,C1CN(CCN1CCOCCO)C(C2=CC=CC=C2)C3=CC=C(C=C3)Cl
LT01156,ibandronate,0,vNo-DILI-Concern,CCCCCN(C)CCC(O)(P(=O)(O)O)P(=O)(O)O
LT00974,ibutilide,0,vNo-DILI-Concern,CCCCCCCN(CC)CCCC(C1=CC=C(C=C1)NS(=O)(=O)C)O
LT00141,indocyanine green,0,vNo-DILI-Concern,CC1(C(=[N+](C2=C1C3=CC=CC=C3C=C2)CCCCS(=O)(=O)[O-])C=CC=CC=CC=C4C(C5=C(N4CCCCS(=O)(=O)[O-])C=CC6=CC=CC=C65)(C)C)C.[Na+]
LT01454,iodipamide meglumine,0,vNo-DILI-Concern,C1=C(C(=C(C(=C1I)NC(=O)CCCCC(=O)NC2=C(C=C(C(=C2I)C(=O)O)I)I)I)C(=O)O)I
LT00257,iothalamate sodium,0,vNo-DILI-Concern,CC(=O)NC1=C(C(=C(C(=C1I)C(=O)O)I)C(=O)NC)I
LT00419,ioversol,0,vNo-DILI-Concern,C(CO)N(C1=C(C(=C(C(=C1I)C(=O)NCC(CO)O)I)C(=O)NCC(CO)O)I)C(=O)CO
LT00200,isoproterenol,0,vNo-DILI-Concern,CC(C)NCC(C1=CC(=C(C=C1)O)O)O
LT00818,isosorbide dinitrate,0,vNo-DILI-Concern,C1[C@H]([C@@H]2[C@H](O1)[C@H](CO2)O[N+](=O)[O-])O[N+](=O)[O-]
LT02089,isoxsuprine,0,vNo-DILI-Concern,CC(COC1=CC=CC=C1)NC(C)C(C2=CC=C(C=C2)O)O
LT01477,kanamycin,0,vNo-DILI-Concern,C1[C@H]([C@@H]([C@H]([C@@H]([C@H]1N)O[C@@H]2[C@@H]([C@H]([C@@H]([C@H](O2)CN)O)O)O)O)O[C@@H]3[C@@H]([C@H]([C@@H]([C@H](O3)CO)O)N)O)N
LT00886,lactulose,0,vNo-DILI-Concern,C([C@@H]1[C@@H]([C@@H]([C@H]([C@@H](O1)O[C@@H]2[C@H](O[C@@]([C@H]2O)(CO)O)CO)O)O)O)O
LT00493,lanthanum carbonate,0,vNo-DILI-Concern,C(=O)([O-])[O-].C(=O)([O-])[O-].C(=O)([O-])[O-].O.[La+3].[La+3]
LT02077,l-arginine,0,vNo-DILI-Concern,C(C[C@@H](C(=O)O)N)CN=C(N)N
LT01486,l-carnitine,0,vNo-DILI-Concern,C[N+](C)(C)C[C@@H](CC(=O)[O-])O
LT02192,leucovorin,0,vNo-DILI-Concern,C1C(N(C2=C(N1)NC(=NC2=O)N)C=O)CNC3=CC=C(C=C3)C(=O)N[C@H](CCC(=O)O)C(=O)O
LT02437,Levoleucovorin,0,vNo-DILI-Concern,C1C(N(C2=C(N1)NC(=NC2=O)N)C=O)CNC3=CC=C(C=C3)C(=O)NC(CCC(=O)O)C(=O)O
LT02442,levomefolate calcium,0,vNo-DILI-Concern,CN1[C@H](CNC2=C1C(=O)N=C(N2)N)CNC3=CC=C(C=C3)C(=O)N[C@@H](CCC(=O)[O-])C(=O)[O-].[Ca+2]
LT01489,levonorgestrel,0,vNo-DILI-Concern,CC[C@]12CC[C@H]3[C@H]([C@@H]1CC[C@]2(C#C)O)CCC4=CC(=O)CC[C@H]34
LT00752,levorphanol,0,vNo-DILI-Concern,CN1CC[C@]23CCCC[C@H]2[C@H]1CC4=C3C=C(C=C4)O
LT01905,lidocaine,0,vNo-DILI-Concern,CCN(CC)CC(=O)NC1=C(C=CC=C1C)C
LT00783,liothyronine,0,vNo-DILI-Concern,C1=CC(=C(C=C1OC2=C(C=C(C=C2I)C[C@@H](C(=O)O)N)I)I)O
LT01468,l-methionine,0,vNo-DILI-Concern,CSCC[C@@H](C(=O)O)N
LT02087,loperamide,0,vNo-DILI-Concern,CN(C)C(=O)C(CCN1CCC(CC1)(C2=CC=C(C=C2)Cl)O)(C3=CC=CC=C3)C4=CC=CC=C4
LT01498,loratadine,0,vNo-DILI-Concern,CCOC(=O)N1CCC(=C2C3=C(CCC4=C2N=CC=C4)C=C(C=C3)Cl)CC1
LT01240,lubiprostone,0,vNo-DILI-Concern,CCCCC([C@]1(CC[C@H]2[C@H](O1)CC(=O)[C@H]2CCCCCCC(=O)O)O)(F)F
LT00024,mannitol,0,vNo-DILI-Concern,C(C(C(C(C(CO)O)O)O)O)O
LT00781,mecamylamine,0,vNo-DILI-Concern,CC1(C2CCC(C2)C1(C)NC)C
LT00792,meclizine,0,vNo-DILI-Concern,CC1=CC(=CC=C1)CN2CCN(CC2)C(C3=CC=CC=C3)C4=CC=C(C=C4)Cl
LT00790,mepenzolate,0,vNo-DILI-Concern,C[N+]1(CCCC(C1)OC(=O)C(C2=CC=CC=C2)(C3=CC=CC=C3)O)C
LT00713,meperidine,0,vNo-DILI-Concern,CCOC(=O)C1(CCN(CC1)C)C2=CC=CC=C2
LT00822,mepivacaine,0,vNo-DILI-Concern,CC1=C(C(=CC=C1)C)NC(=O)C2CCCCN2C
LT01521,meprobamate,0,vNo-DILI-Concern,CCCC(C)(COC(=O)N)COC(=O)N
LT00716,methamphetamine,0,vNo-DILI-Concern,C[C@@H](CC1=CC=CC=C1)NC
LT00787,methsuximide,0,vNo-DILI-Concern,CC1(CC(=O)N(C1=O)C)C2=CC=CC=C2
LT02074,methylergonovine,0,vNo-DILI-Concern,CC[C@@H](CO)NC(=O)[C@H]1CN([C@@H]2CC3=CNC4=CC=CC(=C34)C2=C1)C
LT00570,methylnaltrexone bromide,0,vNo-DILI-Concern,C[N+]1(CC[C@]23[C@@H]4C(=O)CC[C@]2([C@H]1CC5=C3C(=C(C=C5)O)O4)O)CC6CC6.[Br-]
LT01547,methylscopolamine bromide,0,vNo-DILI-Concern,C[N+]1(C2CC(CC1C3C2O3)OC(=O)C(CO)C4=CC=CC=C4)C
LT02072,methysergide,0,vNo-DILI-Concern,CC[C@@H](CO)NC(=O)[C@H]1CN([C@@H]2CC3=CN(C4=CC=CC(=C34)C2=C1)C)C
LT00838,metyrapone,0,vNo-DILI-Concern,CC(C)(C1=CN=CC=C1)C(=O)C2=CN=CC=C2
LT00895,metyrosine,0,vNo-DILI-Concern,C[C@](CC1=CC=C(C=C1)O)(C(=O)O)N
LT01557,midazolam,0,vNo-DILI-Concern,CC1=NC=C2N1C3=C(C=C(C=C3)Cl)C(=NC2)C4=CC=CC=C4F
LT01558,midodrine,0,vNo-DILI-Concern,COC1=CC(=C(C=C1)OC)C(CNC(=O)CN)O
LT00184,mifepristone,0,vNo-DILI-Concern,CC#C[C@@]1(CC[C@@H]2[C@@]1(C[C@@H](C3=C4CCC(=O)C=C4CC[C@@H]23)C5=CC=C(C=C5)N(C)C)C)O
LT00992,miglitol,0,vNo-DILI-Concern,C1[C@@H]([C@H]([C@@H]([C@H](N1CCO)CO)O)O)O
LT01126,miglustat,0,vNo-DILI-Concern,CCCCN1C[C@@H]([C@H]([C@@H]([C@H]1CO)O)O)O
LT00587,minoxidil,0,vNo-DILI-Concern,C1CCN(CC1)C2=NC(=N)N(C(=C2)N)O
LT01564,mitotane,0,vNo-DILI-Concern,C1=CC=C(C(=C1)C(C2=CC=C(C=C2)Cl)C(Cl)Cl)Cl
LT00950,mivacurium,0,vNo-DILI-Concern,C[N+]1(CCC2=CC(=C(C=C2[C@H]1CC3=CC(=C(C(=C3)OC)OC)OC)OC)OC)CCCOC(=O)CC/C=C/CCC(=O)OCCC[N+]4(CCC5=CC(=C(C=C5[C@H]4CC6=CC(=C(C(=C6)OC)OC)OC)OC)OC)C
LT00905,morphine,0,vNo-DILI-Concern,CN1CC[C@]23[C@@H]4[C@H]1CC5=C2C(=C(C=C5)O)O[C@H]3[C@H](C=C4)O
LT00910,nabilone,0,vNo-DILI-Concern,CCCCCCC(C)(C)C1=CC2=C([C@@H]3CC(=O)CC[C@H]3C(O2)(C)C)C(=C1)O
LT01586,nalbuphine,0,vNo-DILI-Concern,C1CC(C1)CN2CC[C@]34C5[C@H](CC[C@]3([C@H]2CC6=C4C(=C(C=C6)O)O5)O)O
LT00592,naloxone,0,vNo-DILI-Concern,C=CCN1CC[C@]23[C@@H]4C(=O)CC[C@]2([C@H]1CC5=C3C(=C(C=C5)O)O4)O
LT00595,neomycin,0,vNo-DILI-Concern,C1C(C(C(C(C1N)OC2C(C(C(C(O2)CN)O)O)N)OC3C(C(C(O3)CO)OC4C(C(C(C(O4)CN)O)O)N)O)O)N
LT00465,nesiritide,0,vNo-DILI-Concern,CC[C@H](C)[C@H]1C(=O)N[C@H](C(=O)N[C@H](C(=O)N[C@H](C(=O)N[C@H](C(=O)NCC(=O)N[C@H](C(=O)NCC(=O)N[C@@H](CSSC[C@@H](C(=O)N[C@H](C(=O)NCC(=O)N[C@H](C(=O)N[C@H](C(=O)N[C@H](C(=O)N[C@H](C(=O)N[C@H](C(=O)N1)CCCNC(=N)N)CC(=O)O)CCSC)CCCCN)CCCNC(=N)N)CC2=CC=CC=C2)NC(=O)CNC(=O)[C@H](CO)NC(=O)CNC(=O)[C@H](CCC(=O)N)NC(=O)[C@H](C(C)C)NC(=O)[C@H](CCSC)NC(=O)[C@H](CCCCN)NC(=O)[C@@H]3CCCN3C(=O)[C@H](CO)N)C(=O)N[C@@H](CCCCN)C(=O)N[C@@H](C(C)C)C(=O)N[C@@H](CC(C)C)C(=O)N[C@@H](CCCNC(=N)N)C(=O)N[C@@H](CCCNC(=N)N)C(=O)N[C@@H](CC4C=NC=N4)C(=O)O)CC(C)C)CO)CO)CO)CO
LT01184,nitazoxanide,0,vNo-DILI-Concern,CC(=O)OC1=CC=CC=C1C(=O)NC2=NC=C(S2)[N+](=O)[O-]
LT01608,nitroglycerin,0,vNo-DILI-Concern,C(C(CO[N+](=O)[O-])O[N+](=O)[O-])O[N+](=O)[O-]
LT00880,nitroprusside,0,vNo-DILI-Concern,[C-]#N.[C-]#N.[C-]#N.[C-]#N.[C-]#N.[N-]=O.[Fe+4]
LT00738,norepinephrine,0,vNo-DILI-Concern,C1=CC(=C(C=C1[C@H](CN)O)O)O
LT02269,norethindrone acetate,0,vNo-DILI-Concern,CC(=O)OC1(CCC2C1(CCC3C2CCC4=CC(=O)CCC34)C)C#C
LT00602,nystatin,0,vNo-DILI-Concern,C[C@@H]1[C@H]([C@@H]([C@@H](C(O1)OC\2CC(C(C(CC(=O)CC(C(CCC(CC(CC(CC(=O)OC(C(C(C(/C=C/C=C/CC/C=C/C=C/C=C/C=C2)C)O)C)C)O)O)O)O)O)O)C(=O)O)O)O)N)O
LT02086,orciprenaline,0,vNo-DILI-Concern,CC(C)NCC(C1=CC(=CC(=C1)O)O)O
LT02085,orphenadrine,0,vNo-DILI-Concern,CC1=CC=CC=C1C(C2=CC=CC=C2)OCCN(C)C
LT02084,oxybutynin,0,vNo-DILI-Concern,CCN(CC)CC#CCOC(=O)C(C1CCCCC1)(C2=CC=CC=C2)O
LT00979,oxycodone,0,vNo-DILI-Concern,CN1CC[C@]23[C@@H]4C(=O)CC[C@]2([C@H]1CC5=C3C(=C(C=C5)OC)O4)O
LT00808,oxymorphone,0,vNo-DILI-Concern,CN1CC[C@]23[C@@H]4C(=O)CC[C@]2([C@H]1CC5=C3C(=C(C=C5)O)O4)O
LT00827,oxytocin,0,vNo-DILI-Concern,CC[C@H](C)[C@H]1C(=O)N[C@H](C(=O)N[C@H](C(=O)N[C@@H](CSSC[C@@H](C(=O)N[C@H](C(=O)N1)CC2=CC=C(C=C2)O)N)C(=O)N3CCC[C@H]3C(=O)N[C@@H](CC(C)C)C(=O)NCC(=O)N)CC(=O)N)CCC(=O)N
LT01252,paliperidone,0,vNo-DILI-Concern,CC1=C(C(=O)N2CCCC(C2=N1)O)CCN3CCC(CC3)C4=NOC5=C4C=CC(=C5)F
LT02055,pamabrom,0,vNo-DILI-Concern,CC(C)(CO)N.CN1C2=C(C(=O)N(C1=O)C)NC(=N2)Br
LT00674,pancrelipase,0,vNo-DILI-Concern,C[Si]12OCCN(CC(O1)COCC=C)CC(O2)COCC=C
LT00867,pancuronium,0,vNo-DILI-Concern,CC(=O)O[C@H]1C[C@@H]2CC[C@@H]3[C@@H]([C@]2(C[C@@H]1[N+]4(CCCCC4)C)C)CC[C@]5([C@H]3C[C@@H]([C@@H]5OC(=O)C)[N+]6(CCCCC6)C)C.[Br-].[Br-]
LT02061,paromomycin,0,vNo-DILI-Concern,C1[C@H]([C@@H]([C@H]([C@@H]([C@H]1N)O[C@@H]2[C@@H]([C@H]([C@@H]([C@H](O2)CO)O)O)N)O[C@H]3[C@@H]([C@@H]([C@H](O3)CO)O[C@@H]4[C@@H]([C@H]([C@@H]([C@@H](O4)CN)O)O)N)O)O)N
LT01380,pegfilgrastim,0,vNo-DILI-Concern,CN(C)C1=CC(=C(C=C1)OC)CN[C@H]2CCCN[C@H]2C3=CC=CC=C3
LT01644,penbutolol,0,vNo-DILI-Concern,CC(C)(C)NC[C@@H](COC1=CC=CC=C1C2CCCC2)O
LT01648,penicillin v,0,vNo-DILI-Concern,CC1([C@@H](N2[C@H](S1)[C@@H](C2=O)NC(=O)COC3=CC=CC=C3)C(=O)O)C
LT00869,pentagastrin,0,vNo-DILI-Concern,CC(C)COC(=O)NCCC(=O)N[C@@H](CC1=CNC2=CC=CC=C21)C(=O)N[C@@H](CCSC)C(=O)N[C@@H](CC(=O)O)C(=O)N[C@@H](CC3=CC=CC=C3)C(=O)N
LT01650,pentazocine,0,vNo-DILI-Concern,C[C@H]1[C@H]2CC3=C([C@@]1(CCN2CC=C(C)C)C)C=C(C=C3)O
LT00879,pentetic acid,0,vNo-DILI-Concern,C(CN(CC(=O)O)CC(=O)O)N(CCN(CC(=O)O)CC(=O)O)CC(=O)O
LT01065,perflutren,0,vNo-DILI-Concern,C(C(F)(F)F)(C(F)(F)F)(F)F
LT00826,phendimetrazine,0,vNo-DILI-Concern,CC1C(OCCN1C)C2=CC=CC=C2
LT02082,phenoxybenzamine,0,vNo-DILI-Concern,CC(COC1=CC=CC=C1)N(CCCl)CC2=CC=CC=C2
LT00433,phentolamine,0,vNo-DILI-Concern,CC1=CC=C(C=C1)N(CC2=NCCN2)C3=CC(=CC=C3)O
LT00133,physostigmine,0,vNo-DILI-Concern,C[C@@]12CCN([C@@H]1N(C3=C2C=C(C=C3)OC(=O)NC)C)C
LT00780,phytonadione,0,vNo-DILI-Concern,CC1=C(C(=O)C2=CC=CC=C2C1=O)CC=C(C)CCCC(C)CCCC(C)CCCC(C)C
LT01672,pimozide,0,vNo-DILI-Concern,C1CN(CCC1N2C3=CC=CC=C3NC2=O)CCCC(C4=CC=C(C=C4)F)C5=CC=C(C=C5)F
LT01673,pindolol,0,vNo-DILI-Concern,CC(C)NCC(COC1=CC=CC2=C1C=CN2)O
LT02340,plerixafor,0,vNo-DILI-Concern,C1CNCCNCCCN(CCNC1)CC2=CC=C(C=C2)CN3CCCNCCNCCCNCC3
LT01291,polymyxin b sulfate,0,vNo-DILI-Concern,CCC(C)CCCCC(=O)NC(CCN)C(=O)NC(C(C)O)C(=O)NC(CCN)C(=O)NC1CCNC(=O)C(NC(=O)C(NC(=O)C(NC(=O)C(NC(=O)C(NC(=O)C(NC1=O)CCN)CC2=CC=CC=C2)CC(C)C)CCN)CCN)C(C)O.OS(=O)(=O)O
LT00972,porfimer,0,vNo-DILI-Concern,CC1=C(C2=CC3=NC(=CC4=NC(=CC5=C(C(=C(N5)C=C1N2)C(C)OC(C)C6=C(C7=CC8=C(C(=C(N8)C=C9C(=C(C(=N9)C=C1C(=C(C(=N1)C=C6N7)C)CCC(=O)O)CCC(=O)O)C)C)C(C)O)C)C)C(=C4CCC(=O)O)C)C(=C3C)CCC(=O)O)C(C)O
LT00492,pramlintide,0,vNo-DILI-Concern,CC[C@H](C)[C@@H](C(=O)N[C@@H](CC(C)C)C(=O)N1CCC[C@H]1C(=O)N2CCC[C@H]2C(=O)N[C@@H]([C@@H](C)O)C(=O)N[C@@H](CC(=O)N)C(=O)N[C@@H](C(C)C)C(=O)NCC(=O)N[C@@H](CO)C(=O)N[C@@H](CC(=O)N)C(=O)N[C@@H]([C@@H](C)O)C(=O)N[C@@H](CC3=CC=C(C=C3)O)C(=O)N)NC(=O)[C@@H]4CCCN4C(=O)CNC(=O)[C@H](CC5=CC=CC=C5)NC(=O)[C@H](CC(=O)N)NC(=O)[C@H](CC(=O)N)NC(=O)[C@H](CO)NC(=O)[C@H](CO)NC(=O)[C@H](CC6=CN=CN6)NC(=O)[C@H](C(C)C)NC(=O)[C@H](CC(C)C)NC(=O)[C@H](CC7=CC=CC=C7)NC(=O)[C@H](CC(=O)N)NC(=O)[C@H](C)NC(=O)[C@H](CC(C)C)NC(=O)[C@H](CCCNC(=N)N)NC(=O)[C@H](CCC(=O)N)NC(=O)[C@H]([C@@H](C)O)NC(=O)[C@H](C)NC(=O)[C@H](CS)NC(=O)[C@H]([C@@H](C)O)NC(=O)[C@H](C)NC(=O)[C@H]([C@@H](C)O)NC(=O)[C@H](CC(=O)N)NC(=O)[C@H](CS)NC(=O)[C@H](CCCCN)N
LT00613,primaquine,0,vNo-DILI-Concern,CC(CCCN)NC1=C2C(=CC(=C1)OC)C=CC=N2
LT00261,primidone,0,vNo-DILI-Concern,CCC1(C(=O)NCNC1=O)C2=CC=CC=C2
LT02219,procyclidine,0,vNo-DILI-Concern,C1CCC(CC1)C(CCN2CCCC2)(C3=CC=CC=C3)O
LT00753,propantheline,0,vNo-DILI-Concern,CC(C)[N+](C)(CCOC(=O)C1C2=CC=CC=C2OC3=CC=CC=C13)C(C)C
LT00349,protirelin,0,vNo-DILI-Concern,C1C[C@H](N(C1)C(=O)[C@H](CC2=CN=CN2)NC(=O)[C@@H]3CCC(=O)N3)C(=O)N
LT00848,protriptyline,0,vNo-DILI-Concern,CNCCCC1C2=CC=CC=C2C=CC3=CC=CC=C13
LT00137,pseudoephedrine,0,vNo-DILI-Concern,C[C@@H]([C@H](C1=CC=CC=C1)O)NC
LT01713,pyrantel,0,vNo-DILI-Concern,CN1CCCN=C1/C=C/C2=CC=CS2
LT02081,pyridostigmine,0,vNo-DILI-Concern,C[N+]1=CC=CC(=C1)OC(=O)N(C)C
LT01980,pyridoxine,0,vNo-DILI-Concern,CC1=NC=C(C(=C1O)CO)CO
LT01721,quazepam,0,vNo-DILI-Concern,C1C(=S)N(C2=C(C=C(C=C2)Cl)C(=N1)C3=CC=CC=C3F)CC(F)(F)F
LT00183,raloxifene,0,vNo-DILI-Concern,C1CCN(CC1)CCOC2=CC=C(C=C2)C(=O)C3=C(SC4=C3C=CC(=C4)O)C5=CC=C(C=C5)O
LT01217,ramelteon,0,vNo-DILI-Concern,CCC(=O)NCC[C@@H]1CCC2=C1C3=C(C=C2)OCC3
LT01192,ranolazine,0,vNo-DILI-Concern,CC1=C(C(=CC=C1)C)NC(=O)CN2CCN(CC2)CC(COC3=CC=CC=C3OC)O
LT00646,regadenoson,0,vNo-DILI-Concern,CNC(=O)C1=CN(N=C1)C2=NC3=C(C(=N2)N)N=CN3[C@H]4[C@@H]([C@@H]([C@H](O4)CO)O)O
LT01729,reserpine,0,vNo-DILI-Concern,CO[C@H]1[C@@H](C[C@@H]2CN3CCC4=C([C@H]3C[C@@H]2[C@@H]1C(=O)OC)NC5=C4C=CC(=C5)OC)OC(=O)C6=CC(=C(C(=C6)OC)OC)OC
LT01479,riboflavin,0,vNo-DILI-Concern,CC1=CC2=C(C=C1C)N(C3=NC(=O)NC(=O)C3=N2)C[C@H]([C@H]([C@H](CO)O)O)O
LT00937,rimantadine,0,vNo-DILI-Concern,CC(C12CC3CC(C1)CC(C3)C2)N
LT01026,rizatriptan,0,vNo-DILI-Concern,CN(C)CCC1=CNC2=C1C=C(C=C2)CN3C=NC=N3
LT00957,rocuronium,0,vNo-DILI-Concern,CC(=O)O[C@H]1[C@H](C[C@@H]2[C@@]1(CC[C@H]3[C@H]2CC[C@@H]4[C@@]3(C[C@@H]([C@H](C4)O)N5CCOCC5)C)C)[N+]6(CCCC6)CC=C
LT00669,romidepsin,0,vNo-DILI-Concern,C/C=C\1/C(=O)N[C@H](C(=O)O[C@H]\2CC(=O)N[C@@H](C(=O)N[C@H](CSSCC/C=C2)C(=O)N1)C(C)C)C(C)C
LT01051,salbutamol,0,vNo-DILI-Concern,CC(C)(C)NCC(C1=CC(=C(C=C1)O)CO)O
LT00667,saxagliptin,0,vNo-DILI-Concern,C1[C@@H]2C[C@@H]2N([C@@H]1C#N)C(=O)[C@H](C34CC5CC(C3)CC(C5)(C4)O)N.Cl
LT01974,scopolamine,0,vNo-DILI-Concern,CN1C2CC(CC1C3C2O3)OC(=O)C(CO)C4=CC=CC=C4
LT00355,secretin,0,vNo-DILI-Concern,CC(C)CC(C(=O)NC(C(C)C)C(=O)O)NC(=O)CNC(=O)C(CCC(=O)N)NC(=O)C(CC(C)C)NC(=O)C(CC(C)C)NC(=O)C(CCCNC(=N)N)NC(=O)C(CCC(=O)N)NC(=O)C(CC(C)C)NC(=O)C(CCCNC(=N)N)NC(=O)C(C)NC(=O)C(CO)NC(=O)C(CC(=O)O)NC(=O)C(CCCNC(=N)N)NC(=O)C(CC(C)C)NC(=O)C(CCCNC(=N)N)NC(=O)C(CO)NC(=O)C(CC(C)C)NC(=O)C(CCC(=O)O)NC(=O)C(CO)NC(=O)C(C(C)O)NC(=O)C(CC1=CC=CC=C1)NC(=O)C(C(C)O)NC(=O)CNC(=O)C(CC(=O)O)NC(=O)C(CO)NC(=O)C(CC2=NC=CN2)N
LT01749,selegiline,0,vNo-DILI-Concern,C[C@H](CC1=CC=CC=C1)N(C)CC#C
LT01039,sevelamer,0,vNo-DILI-Concern,C=CCN.C1C(O1)CCl
LT02171,simethicone,0,vNo-DILI-Concern,CO[Si](C)(C)O[Si](C)(C)C.O=[Si]=O
LT00350,sincalide,0,vNo-DILI-Concern,CSCC[C@@H](C(=O)NCC(=O)N[C@@H](CC1=CNC2=CC=CC=C21)C(=O)N[C@@H](CCSC)C(=O)N[C@@H](CC(=O)O)C(=O)N[C@@H](CC3=CC=CC=C3)C(=O)N)NC(=O)[C@H](CC4=CC=C(C=C4)OS(=O)(=O)O)NC(=O)[C@H](CC(=O)O)N
LT02337,sodium bicarbonate,0,vNo-DILI-Concern,C(=O)(O)[O-].[Na+]
LT00330,sodium lactate,0,vNo-DILI-Concern,[13CH3]C(C(=O)[O-])O.[Na+]
LT00801,Sodium polystyrene sulfonate,0,vNo-DILI-Concern,C=CC1=CC=CC=C1S(=O)(=O)[O-].[Ca+2]
LT00439,sodium thiosulfate,0,vNo-DILI-Concern,[O-]S(=O)(=S)[O-].[Na+].[Na+]
LT02010,sorbitol,0,vNo-DILI-Concern,C([C@H]([C@@H]([C@H]([C@H](CO)O)O)O)O)O
LT00145,streptomycin,0,vNo-DILI-Concern,C[C@H]1[C@@]([C@H]([C@@H](O1)O[C@@H]2[C@H]([C@@H]([C@H]([C@@H]([C@H]2O)O)N=C(N)N)O)N=C(N)N)O[C@H]3[C@H]([C@@H]([C@H]([C@@H](O3)CO)O)O)NC)(C=O)O
LT00749,succinylcholine,0,vNo-DILI-Concern,C[N+](C)(C)CCOC(=O)CCC(=O)OCC[N+](C)(C)C
LT00358,sucralfate,0,vNo-DILI-Concern,C([C@@H]1[C@H]([C@@H]([C@H]([C@@H](O1)O[C@]2([C@H]([C@@H]([C@H](O2)OS(=O)(=O)[O-])OS(=O)(=O)[O-])OS(=O)(=O)[O-])COS(=O)(=O)[O-])OS(=O)(=O)[O-])OS(=O)(=O)[O-])OS(=O)(=O)[O-])OS(=O)(=O)[O-].O.O.O.[Al]
LT00920,sufentanil,0,vNo-DILI-Concern,CCC(=O)N(C1=CC=CC=C1)C2(CCN(CC2)CCC3=CC=CS3)COC
LT00664,tapentadol,0,vNo-DILI-Concern,CCC(C1=CC(=CC=C1)O)C(C)CN(C)C
LT01261,temsirolimus,0,vNo-DILI-Concern,C[C@@H]1CC[C@H]2C[C@@H](/C(=C/C=C/C=C/[C@H](C[C@H](C(=O)[C@@H]([C@@H](/C(=C/[C@H](C(=O)C[C@H](OC(=O)[C@@H]3CCCCN3C(=O)C(=O)[C@@]1(O2)O)[C@H](C)C[C@@H]4CC[C@H]([C@@H](C4)OC)OC(=O)C(C)(CO)CO)C)/C)O)OC)C)C)/C)OC
LT01787,terazosin,0,vNo-DILI-Concern,COC1=C(C=C2C(=C1)C(=NC(=N2)N3CCN(CC3)C(=O)C4CCCO4)N)OC
LT00932,teriparatide,0,vNo-DILI-Concern,CC[C@H](C)[C@@H](C(=O)N[C@@H](CCC(=O)N)C(=O)N[C@@H](CC(C)C)C(=O)N[C@@H](CCSC)C(=O)N[C@@H](CC1=CNC=N1)C(=O)N[C@@H](CC(=O)N)C(=O)N[C@@H](CC(C)C)C(=O)NCC(=O)N[C@@H](CCCCN)C(=O)N[C@@H](CC2=CNC=N2)C(=O)N[C@@H](CC(C)C)C(=O)N[C@@H](CC(=O)N)C(=O)N[C@@H](CO)C(=O)N[C@@H](CCSC)C(=O)N[C@@H](CCC(=O)O)C(=O)N[C@@H](CCCNC(=N)N)C(=O)N[C@@H](C(C)C)C(=O)N[C@@H](CCC(=O)O)C(=O)N[C@@H](CC3=CNC4=CC=CC=C43)C(=O)N[C@@H](CC(C)C)C(=O)N[C@@H](CCCNC(=N)N)C(=O)N[C@@H](CCCCN)C(=O)N[C@@H](CCCCN)C(=O)N[C@@H](CC(C)C)C(=O)N[C@@H](CCC(=O)N)C(=O)N[C@@H](CC(=O)O)C(=O)N[C@@H](C(C)C)C(=O)N[C@@H](CC5=CNC=N5)C(=O)N[C@@H](CC(=O)N)C(=O)N[C@@H](CC6=CC=CC=C6)C(=O)O)NC(=O)[C@H](CCC(=O)O)NC(=O)[C@H](CO)NC(=O)[C@H](C(C)C)NC(=O)[C@H](CO)N
LT01262,tetrahydrobiopterin,0,vNo-DILI-Concern,CC(C(C1CNC2=C(N1)C(=O)N=C(N2)N)O)O
LT00154,theophylline,0,vNo-DILI-Concern,CN1C2=C(C(=O)N(C1=O)C)NC=N2
LT01981,thiamine,0,vNo-DILI-Concern,CC1=C(SC=[N+]1CC2=CN=C(N=C2N)C)CCO
LT00998,tiludronate,0,vNo-DILI-Concern,C1=CC(=CC=C1SC(P(=O)(O)O)P(=O)(O)O)Cl
LT01037,tirofiban,0,vNo-DILI-Concern,CCCCS(=O)(=O)N[C@@H](CC1=CC=C(C=C1)OCCCCC2CCNCC2)C(=O)O
LT01011,tolterodine,0,vNo-DILI-Concern,CC1=CC(=C(C=C1)O)[C@@H](CCN(C(C)C)C(C)C)C2=CC=CC=C2
LT01824,topotecan,0,vNo-DILI-Concern,CC[C@@]1(C2=C(COC1=O)C(=O)N3CC4=C(C3=C2)N=C5C=CC(=C(C5=C4)CN(C)C)O)O
LT00923,tranexamic acid,0,vNo-DILI-Concern,C1CC(CCC1CN)C(=O)O
LT00375,trientine hydrochloride,1,vNo-DILI-Concern,C(CNCCNCCN)N.Cl.Cl
LT01839,trihexyphenidyl,0,vNo-DILI-Concern,C1CCC(CC1)C(CCN2CCCCC2)(C3=CC=CC=C3)O
LT00798,triprolidine,0,vNo-DILI-Concern,CC1=CC=C(C=C1)/C(=C\CN2CCCC2)/C3=CC=CC=N3
LT00516,trospium,0,vNo-DILI-Concern,C1CC[N+]2(C1)[C@H]3CCC2CC(C3)OC(=O)C(C4=CC=CC=C4)(C5=CC=CC=C5)O.[Cl-]
LT02356,tyramine,0,vNo-DILI-Concern,C1=CC(=CC=C1CCN)O
LT00929,urofollitropin,0,vNo-DILI-Concern,CCC(C)C1C(=O)NC(C(=O)NC(C(=O)NC(CSSCC(C(=O)NC(C(=O)N1)CC2=CC=C(C=C2)O)N)C(=O)N3CCCC3C(=O)NC(CC(C)C)C(=O)NCC(=O)N)CC(=O)N)C(C)O
LT00916,vecuronium,0,vNo-DILI-Concern,CC(=O)O[C@H]1C[C@@H]2CC[C@@H]3[C@@H]([C@]2(C[C@@H]1N4CCCCC4)C)CC[C@]5([C@H]3C[C@@H]([C@@H]5OC(=O)C)[N+]6(CCCCC6)C)C.[Br-]
LT00177,vinblastine,0,vNo-DILI-Concern,CC[C@@]1(C[C@H]2C[C@@](C3=C(CCN(C2)C1)C4=CC=CC=C4N3)(C5=C(C=C6C(=C5)[C@]78CCN9[C@H]7[C@@](C=CC9)([C@H]([C@@]([C@@H]8N6C)(C(=O)OC)O)OC(=O)C)CC)OC)C(=O)OC)O
LT02009,vitamin c,0,vNo-DILI-Concern,C([C@@H](C1C(=C(C(=O)O1)O)O)O)O
LT01516,vitamin e,0,vNo-DILI-Concern,CC1=C(C(=C2CC[C@@](OC2=C1C)(C)CCC[C@H](C)CCC[C@H](C)CCCC(C)C)C)O
LT00462,vorinostat,0,vNo-DILI-Concern,C1=CC=C(C=C1)NC(=O)CCCCCCC(=O)NO
LT00648,zaleplon,0,vNo-DILI-Concern,CCN(C1=CC=CC(=C1)C2=CC=NC3=C(C=NN23)C#N)C(=O)C